first_name,surname,email.x,role,gender,country,citizenship,affiliation,report,email.y
Adugna,Gemeda,NA,LA,M,Ethiopia,Ethiopia,Ethiopian Public Health Institute,AR6-WG2,NA
Agus Pratama,Sari,NA,LA,M,Indonesia,Indonesia,Landscape Indonesia (formally: PT Bentang Alam Indonesia),AR6-WG3,NA
Aidan,Farrell,NA,LA,M,Trinidad and Tobago,Ireland,"The University of the West Indies, St Augustine Campus",AR6-WG2,NA
Akio,Kitoh,NA,LA,M,Japan,Japan,Japan Meteorological Business Support Center,AR6-WG2,NA
Akm Saiful,Islam,NA,LA,M,Bangladesh,Bangladesh,Bangaldesh University of Engineering and Technology (BUET),AR6-WG1,NA
Alan,Mix,NA,LA,M,USA,USA,Oregon State University,AR6-WG1,NA
Alejandro,Di Luca,NA,LA,M,Australia,Argentina,"Australian Research Council, Climate Change Research Centre, University of New South Wales, Australia",AR6-WG1,NA
Alessandro,Dosio,NA,LA,M,Italy,Italy,European Commission Joint Research Centre,AR6-WG1,NA
Alexander,Gelfan,NA,LA,M,Russia,Russia,Water Problems Institute of Russian Academy of Sciences,AR6-WG2,NA
Alexandre,Magnan,NA,LA,M,France,France,Institute for Sutainable Development and International Relations (IDDRI),AR6-WG2,NA
Alexey V.,Eliseev,NA,LA,M,Russia,Russia,Moscow State University,AR6-WG1,NA
Alisher,Mirzabaev,NA,Lead,M,Germany,Uzbekistan,University of Bonn,AR6-WG2,NA
Amanda,Maycock,NA,LA,F,UK,UK,University of Leeds,AR6-WG1,NA
Ambuj,Sagar,NA,LA,M,India,USA,"Indian Institute of Technology Delhi, Humanities and Social Sciences",AR6-WG3,NA
Amr,Abdel-Aziz,NA,LA,M,Egypt,Egypt,Integral Consult,AR6-WG3,NA
Andrew,Constable,NA,LA,M,Australia,Australia,"Centre for Marine Socioecology, University of Tasmania",AR6-WG2,NA
Andrew,Turner,NA,LA,M,UK,UK,"Department of Meteorology and National Centre for Atmospheric Science, University of Reading",AR6-WG1,NA
Anita,Wreford,NA,LA,F,New Zealand,New Zealand,Lincoln University,AR6-WG2,NA
Anjal,Prakash,NA,Author,M,India,India,"Bharti Institute of Public Policy, Indian School of Business",AR6-WG2,NA
Annalea,Lohila,NA,LA,F,Finland,Finland,Finnish Meteorological Institute,AR6-WG1,NA
Annalisa,Cherchi,NA,LA,F,Italy,Italy,Institute for the Atmospheric Sciences and Climate (ISAC-CNR),AR6-WG1,NA
Annamaria,Lammel,NA,LA,F,France,France,Université Paris 8 Vincennes Saint-Denis,AR6-WG2,NA
Anne Marie,Treguier,NA,LA,F,France,France,CNRS,AR6-WG1,NA
Arnulf,Jäger-Waldau,NA,RE,M,Italy,Germany,"European Commission, Joint Research Centre",AR6-WG3,NA
Arona,Diedhiou,NA,RE,M,Cote d'Ivoire,Senegal,Institut de Recherche pour le Developpement / Université Félix Houphouet Boigny,AR6-WG1,NA
Asgeir,Sorteberg,NA,RE,M,Norway,Norway,University of Bergen,AR6-WG1,NA
Asif,Khan,NA,LA,M,Pakistan,Pakistan,UET Peshawar and LUMS Lahore,AR6-WG1,NA
Astrid,Kiendler-Scharr,NA,LA,F,Germany,Austria,IEK-8: Troposphere Forschungszentrum Jülich GmbH,AR6-WG1,NA
Avelino Gumersindo,Suarez Rodriguez,NA,RE,M,Cuba,Cuba,Research Centre for the World Economy,AR6-WG2,NA
Bart,Van Den Hurk,NA,LA,M,Netherlands,Netherlands,Deltares,AR6-WG1,NA
Baylor,Fox-Kemper,NA,CLA,M,USA,USA,Brown University,AR6-WG1,NA
Ben,Orlove,NA,LA,M,USA,USA,Columbia University,AR6-WG2,NA
Benjamin,Horton,NA,RE,M,Singapore,UK,Nanyang Technological University,AR6-WG1,NA
Benjamin L.,Lamptey,NA,LA,M,Niger,Ghana,African Centre of Meteorological Applications for Development (ACMAD),AR6-WG1,NA
Benjamin L.,Preston,NA,CLA,M,USA,USA,RAND Corporation,AR6-WG2,NA
Bettina,Menne,NA,RE,F,Italy,Germany,World Health Organization,AR6-WG2,NA
Bhupesh,Adhikary,NA,LA,M,Nepal,Nepal,International Centre for Integrated Mountain Development (ICIMOD),AR6-WG1,NA
Birgit,Bednar-Friedl,NA,CLA,F,Austria,Austria,"University of Graz, Wegener Center for Climate and Global Change & Department of Economics",AR6-WG2,NA
Björn,Rost,NA,Author,M,Germany,Germany,"Alfred Wegener Institute, Helmholtz Centre for Polar and Marine Research",AR6-WG2,NA
Bjørn H.,Samset,NA,CLA,M,Norway,Norway,CICERO Center for international climate research,AR6-WG1,NA
Blair,Trewin,NA,LA,M,Australia,Australia,Australian Bureau of Meteorology,AR6-WG1,NA
Blanca E.,Jiménez Cisneros,NA,RE,F,Mexico,Mexico,Comision Nacional del Agua,AR6-WG2,NA
Botao,Zhou,NA,LA,M,China,China,Nanjing University of Information Science and Technology,AR6-WG1,NA
Brian,O'neill,NA,CLA,M,USA,USA,Joint Global Change Research Institute,AR6-WG2,NA
Bruce,Glavovic,NA,Lead,M,New Zealand,South Africa,Massey University,AR6-WG2,NA
Bruce,Hewitson,NA,LA,M,South Africa,South Africa,University of Cape Town,AR6-WG1,NA
Carol,Franco Billini,NA,RE,F,USA,Dominican Republic,Virginia Tech,AR6-WG2,NA
Carolina,Adler,NA,LA,F,Switzerland,Chile,Universität Bern Geographisches Institut,AR6-WG2,NA
Carolyn,Enquist,NA,LA,F,USA,USA,"U.S. Geological Survey, Southwest Climate Adaptation Science Center",AR6-WG2,NA
Catherine,Masao,NA,LA,F,Tanzania,Tanzania,"INSTITUTE OF RESOURCE ASSESSMENT, UNIVERSITY OF DAR ES SALAAM",AR6-WG2,NA
Catia M.,Domingues,NA,LA,F,Australia,Australia,"University of Tasmania, Institute for Marine and Antarctic Studies (IMAS) and Antarctic Climate & Ecosystems Cooperative Research Centre (ACE CRC)",AR6-WG1,NA
Cecilia,Conde,NA,LA,F,Mexico,Mexico,Center of Atmosheric Sciences. National Autonomous University of Mexico.,AR6-WG2,NA
Chandni,Singh,NA,LA,F,India,India,Indian Institute for Human Settlements,AR6-WG2,NA
Charles,Koven,NA,LA,M,USA,USA,Lawrence Berkeley National Laboratory,AR6-WG1,NA
Christa,Clapp,NA,LA,F,Norway,USA,CICERO Center for International Climate Research,AR6-WG3,NA
Christian,Huggel,NA,Author,M,Switzerland,Switzerland,University of Zurich,AR6-WG2,NA
Christian,Möllmann,NA,LA,M,Germany,Germany,University of Hamburg,AR6-WG2,NA
Christophe,Cassou,NA,LA,M,France,France,"CECI, Universite de Toulouse, CNRS-Cerfacs",AR6-WG1,NA
Christopher,Lennard,NA,LA,M,South Africa,South Africa,University of Cape Town,AR6-WG2,NA
Claudine,Dereczynski,NA,LA,F,Brazil,Brazil,Federal University of Rio de Janeiro,AR6-WG1,NA
Cristobal Felix,Diaz Morejon,NA,LA,M,Cuba,Cuba,"ENVIRONMENTAL DIRECTORATE, MINISTRY OF SCIENCE, TECHNOLOGY AND THE ENVIRONMENT",AR6-WG3,NA
Cunde,Xiao,NA,CLA,M,China,China,Beijing Normal University,AR6-WG1,NA
Dabang,Jiang,NA,LA,M,China,China,"Institute of Atmospheric Physics, Chinese Academy of Sciences",AR6-WG1,NA
Daniel,Lunt,NA,LA,M,UK,UK,University of Bristol,AR6-WG1,NA
Daniel,Martínez-Castro,NA,LA,M,Cuba,Cuba,Instituto de Meteorología,AR6-WG1,NA
Daniel,Mitchell,NA,RE,M,UK,UK,University of Bristol,AR6-WG1,NA
Daniel,Rosenfeld,NA,LA,M,Israel,Israel,The Hebrew University of Jerusalem,AR6-WG1,NA
Daniel,Ruiz Carrascal,NA,LA,M,USA,Colombia,Columbia University,AR6-WG1,NA
Daniel Ochieng,Olago,NA,LA,M,Kenya,Kenya,"Department of Geology, University of Nairobi",AR6-WG2,NA
Daniela N.,Schmidt,NA,CLA,F,UK,Germany,University of Bristol,AR6-WG2,NA
Daoyi,Gong,NA,LA,M,China,China,Beijing Normal University,AR6-WG1,NA
Darrell,Kaufman,NA,LA,M,USA,USA,Northern Arizona University,AR6-WG1,NA
David,Frame,NA,LA,M,New Zealand,New Zealand,Victoria University of Wellington,AR6-WG1,NA
David,Gutzler,NA,LA,M,USA,USA,University of New Mexico,AR6-WG2,NA
David,Schoeman,NA,CLA,M,Australia,Australia,University of the Sunshine Coast,AR6-WG2,NA
David,Stern,NA,RE,M,Australia,Australia,"Australian National University, Arndt-Corden Division of Economics, Crawford School",AR6-WG3,NA
David,Viner,NA,CLA,M,UK,UK,Green Investment Group,AR6-WG2,NA
David,Wrathall,NA,LA,M,USA,USA,Oregon State University,AR6-WG2,NA
David,Wratt,NA,RE,M,New Zealand,New Zealand,NIWA (National Institute of Water and Atmospheric Research - Emeritus Scientist),AR6-WG2,NA
David J.,Karoly,NA,RE,M,Australia,Australia,"Earth Systems and Climate Change in the Australian Government's National Environmental Science Program, based in CSIRO",AR6-WG1,NA
Dawit Yemane,Ghebrehiwet,NA,LA,M,South Africa,Eritrea,"Department of Agriculture, Forestry & Fisheries; branch Fisheries management",AR6-WG2,NA
Debora,Ley,NA,LA,F,Guatemala,Mexico,UN ECLAC,AR6-WG2,NA
Delavane,Diaz,NA,LA,F,USA,USA,Electric Power Research Institute,AR6-WG2,NA
Delphine,Deryng,NA,LA,F,Germany,France,"NewClimate Institute ; IRI THESys, Humboldt-University of Berlin",AR6-WG2,NA
Diana,Liverman,NA,RE,F,USA,USA,University of Arizona,AR6-WG2,NA
Diana,Reckien,NA,CLA,F,Netherlands,Germany,"University of Twente, Faculty of Geo-Information Science and Earth Observation (ITC), Department of Urban and Regional Planning and Geo-Information Management",AR6-WG2,NA
Dieter,Piepenburg,NA,LA,M,Germany,Germany,"Alfred Wegener Institute, Helmholtz Centre for Polar and Marine Research",AR6-WG2,NA
Dipak,Dasgupta,NA,LA,M,India,India,THE ENERGY AND RESOURCES INSTITUTE (TERI),AR6-WG3,NA
Donovan,Campbell,NA,LA,M,Jamaica,Jamaica,University of the West Indies (Mona Campus),AR6-WG2,NA
Douglas,Maraun,NA,LA,M,Austria,Germany,"University of Graz, Wegener Center for Climate and Global Change",AR6-WG1,NA
Edmond,Totin,NA,CLA,M,Mali,Benin,"World Vegetable Center, West and Central Africa",AR6-WG2,NA
Edward,Hawkins,NA,LA,M,UK,UK,"National Centre for Atmospheric Science, University of Reading",AR6-WG1,NA
Edward R.,Carr,NA,LA,M,USA,USA,Clark University,AR6-WG2,NA
Edwin Josue,Castellanos Lopez,NA,CLA,M,Guatemala,Guatemala,Inter-American Institute for Global Change Research (IAI),AR6-WG2,NA
El Hdaji Mbaye Madien,Diagne,NA,LA,M,Senegal,Senegal,National Climate Change Committee / Afrique Energy Environnement,AR6-WG3,NA
Elena,Georgopoulou,NA,Author,F,Greece,Greece,National Observatory of Athens,AR6-WG2,NA
Elena,López-Gunn,NA,LA,F,Spain,Spain,"I-Catalist, S.L.",AR6-WG2,NA
Elena,Verdolini,NA,LA,F,Italy,Italy,FEEM - Fondazione Eni Enrico Mattei; CMCC Foundation - Euro-Mediterranean Center on Climate Change,AR6-WG3,NA
Elham,Ali,NA,Lead,F,Egypt,Egypt,University of Suez,AR6-WG2,NA
Elisabeth Anne,Gilmore,NA,LA,F,USA,USA,Carleton University,AR6-WG2,NA
Elizabeth (libby),Jewett,NA,LA,F,USA,USA,NOAA Ocean Acidification Program,AR6-WG2,NA
Emi,Mizuno,NA,RE,F,Austria,Japan,Sustainable Energy for All,AR6-WG3,NA
Emma,Liwenga,NA,CLA,F,Tanzania,Tanzania,INSTITUTE OF RESOURCE ASSESSMENT (IRA) - UNIVERSITY OF DAR ES SALAAM,AR6-WG2,NA
Eric,Chu,NA,LA,M,USA,USA,"University of California, Davis",AR6-WG2,NA
Eric,Zusman,NA,LA,M,Japan,USA,Institute for Global Environmental Strategies,AR6-WG3,NA
Erich,Fischer,NA,LA,M,Switzerland,Switzerland,ETH Zurich,AR6-WG1,NA
Erika,Coppola,NA,LA,F,Italy,Italy,"Earth System Physics Section, The Abdus Salam International Centre for Theoretical Physics (ICTP)",AR6-WG1,NA
Erin,Coughlan De Perez,NA,LA,F,Netherlands,USA,Climate Centre,AR6-WG2,NA
Esther,Badiola,NA,RE,F,Luxembourg,Spain,European Investment Bank,AR6-WG3,NA
Faye Abigail,Cruz,NA,LA,F,Philippines,Philippines,Manila Observatory,AR6-WG1,NA
Fei,Teng,NA,LA,M,China,China,Tsinghua University,AR6-WG3,NA
Fernando,Farias,NA,LA,M,Chile,Chile,Ministry of Environment of Chile,AR6-WG3,NA
Francis,Chiew,NA,LA,M,Australia,Australia,"Commonwealth Scientific and Industrial Research Organisation (CSIRO), Australia",AR6-WG2,NA
Francisco,Doblas-Reyes,NA,CLA,M,Spain,Spain,ICREA and Barcelona Supercomputing Center-Centro Nacional de Supercomputación,AR6-WG1,NA
Francisco,Meza,NA,LA,M,Chile,Chile,Pontificia Universidad Catolica de Chile,AR6-WG2,NA
Francois,Engelbrecht,NA,LA,M,South Africa,South Africa,University of the Witwatersrand,AR6-WG1,NA
François,Gemenne,NA,LA,M,Belgium,Belgium,University of Liège,AR6-WG2,NA
Frank,Dentener,NA,LA,M,Italy,Netherlands,European Commission Joint Research Centre,AR6-WG1,NA
Gabriel,Blanco,NA,Core_Writing_Team,M,Argentina,Argentina,Universidad Nacional del Centro (UNICEN),AR6-SYR,NA
Gabriele C.,Hegerl,NA,RE,F,UK,Germany,Geosciences,AR6-WG1,NA
Gautam Hirak,Talukdar,NA,LA,M,India,India,Wildlife Institute of India,AR6-WG2,NA
Gemma Teresa,Narisma,NA,CLA,F,Philippines,Philippines,Manila Observatory,AR6-WG1,NA
Georg,Kaser,NA,RE,M,Austria,Italy,University of Innsbruck,AR6-WG2,NA
Gerald,Nelson,NA,LA,M,USA,USA,"University of Illinois, Urbana-Champaign",AR6-WG2,NA
Gian Carlo,Delgado Ramos,NA,RE,M,Mexico,Mexico,NATIONAL AUTONOMOUS UNIVERSITY OF MEXICO,AR6-WG2,NA
Gian-kasper,Plattner,NA,LA,M,Switzerland,Switzerland,"Swiss Federal Research Institute for Forest, Snow and Landscape WSL",AR6-WG1,NA
Glenn,Mcgregor,NA,LA,M,UK,New Zealand,Durham University,AR6-WG2,NA
Gonéri,Le Cozannet,NA,Author,M,France,France,BRGM - French Geological Survey,AR6-WG2,NA
Govindasamy,Bala,NA,LA,M,India,USA,Indian Institute of Science,AR6-WG1,NA
Grace,Ngaruiya,NA,LA,F,Kenya,Kenya,Kenyatta University,AR6-WG2,NA
Gregory,Flato,NA,RE,M,Canada,Canada,"Environment and Climate Change Canada, Canadian Centre for Climate Modelling and Analysis",AR6-WG1,NA
Gregory E.,Insarov,NA,LA,M,Russia,Russia,Institute of Geography of the Russian Academy of Sciences,AR6-WG2,NA
Gretta,Pecl,NA,LA,F,Australia,Australia,University of Tasmania,AR6-WG2,NA
Guðfinna,Aðalgeirsdóttir,NA,LA,F,Iceland,Iceland,University of Iceland,AR6-WG1,NA
GuÉladio,Cissé,NA,CLA,M,France,Mauritania,"Swiss Tropical and Public Health Institute (Swiss TPH), University of Basel",AR6-WG2,NA
Gustavo,Nagy,NA,LA,M,Uruguay,Uruguay,Universidad de la República,AR6-WG2,NA
Gusti Zakaria,Anshari,NA,LA,M,Indonesia,Indonesia,"Universitas Tanjungpura, Pontianak, West Kalimantan Province",AR6-WG2,NA
H. Damon,Matthews,NA,RE,M,Canada,Canada,Concordia University,AR6-WG1,NA
Halvard,Buhaug,NA,LA,M,Norway,Norway,Peace Research Institute Oslo,AR6-WG2,NA
Heleen,De Coninck,NA,CLA,F,Netherlands,Netherlands,"Eindhoven University of Technology, Technology, Innovation and Society Group, Atlas Building",AR6-WG3,NA
Helen,Adams,NA,LA,F,UK,UK,King's College London,AR6-WG2,NA
Helen,Gurney-Smith,NA,LA,F,Canada,Canada,Fisheries and Oceans Canada,AR6-WG2,NA
Helene,Hewitt (Nee Banks),NA,CLA,F,UK,UK,Met Office Hadley Centre,AR6-WG1,NA
Henry,Neufeldt,NA,Author,M,Denmark,Germany,UNEP DTU Partnership,AR6-WG2,NA
Hermann,Held,NA,RE,M,Germany,Germany,University of Hamburg,AR6-WG3,NA
Hervé,Douville,NA,CLA,M,France,France,Météo-France,AR6-WG1,NA
Hong,Liao,NA,LA,F,China,China,Nanjing University of Information Science and Technology,AR6-WG1,NA
Hua,Zhang,NA,LA,F,China,China,"National Climate Center, China Meteorological Administration",AR6-WG1,NA
Hui,Ju,NA,LA,F,China,China,"Institute of Enviroment and Sustainable Development in Agriculture, Chinese Academy of Agricultural Sciences",AR6-WG2,NA
Hyacinth,Nnamchi,NA,LA,M,Nigeria,Nigeria,University of Nigeria,AR6-WG1,NA
Ibidun,Adelekan,NA,CLA,F,Nigeria,Nigeria,"UNIVERSITY OF IBADAN, IBADAN, NIGERIA",AR6-WG2,NA
Indra,Bhatt,NA,LA,M,India,India,G.B. Pant National Institute of Himalayan Environment and Sustainable Development,AR6-WG2,NA
Inés,Camilloni,NA,RE,F,Argentina,Argentina,Centro de Investigaciones del Mar y la Atmosfera (CIMA) - University of Buenos Aires - CONICET,AR6-WG1,NA
Intan,Nurhati,NA,LA,F,Indonesia,Indonesia,Indonesian Institute of Sciences,AR6-WG1,NA
Irina,Gorodetskaya,NA,LA,F,Portugal,Russia,University of Aveiro,AR6-WG1,NA
Iskhaq,Iskandar,NA,LA,M,Indonesia,Indonesia,University of Sriwijaya,AR6-WG1,NA
Izdine,Pinto,NA,LA,M,South Africa,Mozambique,University of Cape Twon,AR6-WG1,NA
Izuru,Takayabu,NA,LA,M,Japan,Japan,"Department of Climate and Geo-chemistry Research, Meteorological Research Institute / Japan Meteorological Agency, Japan.",AR6-WG1,NA
Jackie,Dawson,NA,LA,F,Canada,Canada,University of Ottawa,AR6-WG2,NA
Jackson,Efitre,NA,LA,M,Uganda,Uganda,MAKERERE UNIVERSITY,AR6-WG2,NA
James,Kossin,NA,LA,M,USA,USA,NOAA/NCEI Center for Weather and Climate,AR6-WG1,NA
James,Morison,NA,RE,M,UK,UK,Forest Research (Research Agency of the UK Forestry Commission),AR6-WG2,NA
James A.,Edmonds,NA,LA,M,USA,USA,Pacific Northwest National Laboratory,AR6-WG3,NA
James A.,Renwick,NA,CLA,M,New Zealand,New Zealand,Victoria University of Wellington,AR6-WG1,NA
Jan,Witajewski-Baltvilks,NA,LA,M,Poland,Poland,"University of Warsaw, Faculty of Economic Sciences",AR6-WG3,NA
Jan C.,Semenza,NA,LA,M,Sweden,Sweden,European Centre for Disease Prevention and Control,AR6-WG2,NA
Jana,Sillmann,NA,LA,F,Norway,Germany,Center for International Climate Research - Oslo (CICERO),AR6-WG1,NA
Jean Pierre,Ometto,NA,LA,M,Brazil,Brazil,NATIONAL INSTITUTE FOR SPACE RESEARCH,AR6-WG2,NA
Jean-baptiste,Sallée,NA,LA,M,France,France,"CNRS/Sorbonne Universités (UPMC Univ.), UMR 7159, LOCEAN-IPSL Institute",AR6-WG1,NA
Jean-françois,Toussaint,NA,RE,M,France,France,University Paris Descartes,AR6-WG2,NA
Jean-louis,Dufresne,NA,LA,M,France,France,"LMD/IPSL , CNRS & UPMC",AR6-WG1,NA
Jeff,Price,NA,Author,M,UK,UK,University of East Anglia (UEA),AR6-WG2,NA
Jeffrey,Hicke,NA,CLA,M,USA,USA,University of Idaho,AR6-WG2,NA
Jens Hesselbjerg,Christensen,NA,RE,M,Denmark,Denmark,"Niels Bohr Institute, University of Copenhagen",AR6-WG1,NA
Jessica,Tierney,NA,LA,F,USA,USA,The University of Arizona,AR6-WG1,NA
Jian,Li,NA,LA,M,China,China,Chinese Academy of Meteorological Sciences,AR6-WG1,NA
Jin-ho,Yoon,NA,LA,M,Republic of Korea,Republic of Korea,Gwangju Institute of Science and Technology,AR6-WG1,NA
Jinho,Ahn,NA,LA,M,Republic of Korea,Republic of Korea,Seoul National University,AR6-WG1,NA
Jochem,Marotzke,NA,CLA,M,Germany,Germany,Max Planck Institute for Meteorology,AR6-WG1,NA
Joelle,Gergis,NA,LA,F,Australia,Australia,"Fenner School of Environment & Society, ARC Centre of Excellence for Climate Extremes, The Australian National University",AR6-WG1,NA
Johanna,Nalau,NA,LA,F,Australia,Finland,Griffith University,AR6-WG2,NA
Johannes,Quaas,NA,LA,M,Germany,Germany,University of Leipzig,AR6-WG1,NA
John,Agard,NA,RE,M,Trinidad and Tobago,Trinidad and Tobago,"UNIVERSITY OF THE WEST INDIES, ST AUGUSTINE CAMPUS",AR6-WG2,NA
John,Dunne,NA,LA,M,USA,USA,NOAA Geophysical Fluid Dynamics Laboratory,AR6-WG1,NA
John,Fyfe,NA,LA,M,Canada,Canada,Environment and Climate Change Canada,AR6-WG1,NA
John,Pinnegar,NA,LA,M,UK,UK,"Centre for Environment, Fisheries & Aquaculture Science (Cefas)",AR6-WG2,NA
Johnny,Chan,NA,RE,M,China,China,"School of Energy and Environment, City University of Hong Kong",AR6-WG1,NA
Joni,Jupesta,NA,LA,M,Japan,Indonesia,United Nations University- Institute of Advanced Studies of Sustainability (UNU-IAS),AR6-WG3,NA
José Manuel,Gutiérrez,NA,CLA,M,Spain,Spain,Spanish National Research Council (CSIC). Instituto de Física de Cantabria.,AR6-WG1,NA
Jose Manuel,Moreno,NA,RE,M,Spain,Spain,UNIVERSITY OF CASTILLA-LA MANCHA,AR6-WG2,NA
Josep,Canadell,NA,CLA,M,Australia,Australia,"Comonwealth Scientic and Industrial Organization (CSIRO), Oceans and Atmosphere",AR6-WG1,NA
Joseph,Mutemi,NA,LA,M,Kenya,Kenya,University of Nairobi,AR6-WG1,NA
Juan,Pulhin,NA,LA,M,Philippines,Philippines,Climate Change Commission,AR6-WG2,NA
Juan Antonio,Rivera,NA,LA,M,Argentina,Argentina,"Argentine Institute for Snow Research, Glaciology and Environmental Sciences (IANIGLA), National Scientific and Technical Research Council of Argentina (CONICET)",AR6-WG1,NA
Judy,Lawrence,NA,CLA,F,New Zealand,New Zealand,"NZ Climate Change Research Institute, Victoria University of Wellington",AR6-WG2,NA
Julio,C. Postigo,NA,LA,M,USA,Peru,Indiana University,AR6-WG2,NA
Julio,Torres Martínez,NA,RE,M,Cuba,Cuba,"Center for World Economic Research (CIEM, in Spanish)",AR6-WG3,NA
Julius Partson,Daka,NA,LA,M,Zambia,Zambia,C/O ZAMBIA ENVIRONMENTAL MANAGEMENT AUTHORITY ZEMA,AR6-WG3,NA
Kanako,Morita,NA,LA,F,Japan,Japan,Forestry and Forest Products Research Institute,AR6-WG3,NA
Kanako,Tanaka,NA,LA,F,Japan,Japan,National Institute of Advanced Industrial Science and Technology (AIST),AR6-WG3,NA
Kanungwe,Kalaba,NA,LA,M,Zambia,Zambia,Copperbelt University,AR6-WG2,NA
Karim,Hilmi,NA,RE,M,Morocco,Morocco,Institut National de Recherche Halieutique,AR6-WG2,NA
Karina,Von Shuckmann,NA,LA,F,France,Germany,Mercator Ocean International,AR6-WG1,NA
Kathleen,Miller,NA,LA,F,USA,USA,"Research Applications Lab, National Center for Atmospheric Research",AR6-WG2,NA
Kathryn,Bowen,NA,LA,F,Australia,Australia,University of Melbourne,AR6-WG2,NA
Katja,Frieler,NA,LA,F,Germany,Germany,Potsdam Institute for Climate Impact Research,AR6-WG2,NA
Keigo,Akimoto,NA,LA,M,Japan,Japan,Research Institute of Innovative Technology for the Earth (RITE),AR6-WG3,NA
Kenichi,Wada,NA,LA,M,Japan,Japan,Research Institute of Innovative Technology for the Earth (RITE),AR6-WG3,NA
Kenji,Tanaka,NA,LA,M,Japan,Japan,"Department of Technology Management for Innovation, Graduate School of Engineering, University of Tokyo",AR6-WG3,NA
Kevin,Hennessy,NA,LA,M,Australia,Australia,CSIRO Oceans and Atmosphere,AR6-WG2,NA
Kim,Cobb,NA,LA,F,USA,USA,Georgia Inst. of Technology,AR6-WG1,NA
Kirsten,Halsnaes,NA,CLA,F,Denmark,Denmark,"The Danish Technical University, DTU",AR6-WG3,NA
Kirsten,Zickfeld,NA,LA,F,Canada,Germany,Simon Fraser University,AR6-WG1,NA
Kirstin,Holsman,NA,Author,F,USA,USA,National Oceanic and Atmospheric Administration,AR6-WG2,NA
Knut Yngve,Børsheim,NA,LA,M,Norway,Norway,Institute of Marine Research,AR6-WG2,NA
Kripa,Vasant,NA,LA,F,India,India,INDIAN COUNCIL OF AGRICULTURAL RESEARCH,AR6-WG2,NA
Krishna,Achutarao,NA,LA,M,India,India,Indian Institute of Technology Delhi,AR6-WG1,NA
Krishna Kumar,Kanikicharla,NA,RE,M,Qatar,India,Qatar Meterology Department,AR6-WG1,NA
Krishnan,Raghavan,NA,CLA,M,India,India,"Indian Institute of Tropical Meteorology, Centre for Climate Change Research",AR6-WG1,NA
Kristie,Ebi,NA,LA,F,USA,USA,University of Washington,AR6-WG2,NA
Kyle,Armour,NA,LA,M,USA,USA,"University of Washington, Seattle",AR6-WG1,NA
Laura,Astigarraga,NA,LA,F,Uruguay,Uruguay,University of the Republic,AR6-WG2,NA
Laura,Diaz Anadon,NA,LA,F,UK,Spain,"Department of Land Economy, University of Cambridge; Centre for Environment, Energy and Natural Resource Governance (C-EENRG)",AR6-WG3,NA
Laura,Gallardo,NA,LA,F,Chile,Chile,"University of Chile, Center for Climate and Resilience Research, Geophysics Department",AR6-WG1,NA
Laura,Ramajo Gallardo,NA,LA,F,Chile,Spain,ADOLFO IBAÑEZ UNIVERSITY,AR6-WG2,NA
Lauren,Rickards,NA,LA,F,Australia,Australia,RMIT University,AR6-WG2,NA
Laurent,Bopp,NA,LA,M,France,France,LSCE,AR6-WG2,NA
Laurent,Terray,NA,LA,M,France,France,"CECI, CERFACS/CNRS",AR6-WG1,NA
Lawrence,Agbemabiese,NA,LA,M,USA,Ghana,University of Delaware,AR6-WG3,NA
Lea,Berrang Ford,NA,LA,F,UK,Canada,University of Leeds,AR6-WG2,NA
Leticia,Cotrim Da Cunha,NA,LA,F,Brazil,Brazil,Universidade do Estado do Rio de Janeiro – Faculdade de Oceanografia,AR6-WG1,NA
Liliana Raquel,Miranda Sara,NA,LA,F,Peru,Peru,FORO CIUDADES PARA LA VIDA,AR6-WG2,NA
Lincoln,Muniz Alves,NA,LA,M,Brazil,Brazil,National Institute for Space Research (INPE),AR6-WG1,NA
Linda,Mearns,NA,RE,F,USA,USA,National Center for Atmospheric Research,AR6-WG2,NA
Linda,Mortsch,NA,CLA,F,Canada,Canada,University of Waterloo,AR6-WG2,NA
Lindsay,Stringer,NA,LA,F,UK,UK,University of York,AR6-WG2,NA
Lisa,Levin,NA,RE,F,USA,USA,University of California San Diego,AR6-WG2,NA
Lisa,Schipper,NA,CLA,F,UK,Sweden,University of Oxford,AR6-WG2,NA
Lucas,Ruiz,NA,LA,M,Argentina,Argentina,IANIGLA CCT-MENDOZA CONICET,AR6-WG1,NA
Luis,Fernandez-Carril,NA,LA,M,Mexico,Mexico,"Technological Institute and Higher Studies of Monterrey, Special Commission on Climate Change of the Senate of Mexico",AR6-WG2,NA
Luna,Khirfan,NA,LA,F,Canada,Canada,"School of Planning, The University of Waterloo",AR6-WG2,NA
Maarten,Van Aalst,NA,CLA,M,Netherlands,Netherlands,Red Cross Red Crescent Climate Centre (and IRI/Columbia University & STEaPP/UCL),AR6-WG2,NA
Mahmood,Riyaz,NA,RE,M,Maldives,Maldives,Maldivian Coral Reef Society,AR6-WG2,NA
Mansour,Almazroui,NA,LA,M,Saudi Arabia,Saudi Arabia,"Center of Excellence for Climate Change Research, King Abdulaziz University",AR6-WG1,NA
Marcelo,Barreiro Parrillo,NA,LA,M,Uruguay,Uruguay,Department of Atmospheric Sciences-Universidad de la República,AR6-WG1,NA
Marcos,Costa,NA,LA,M,Brazil,Brazil,The Federal University of Viçosa,AR6-WG1,NA
Margot,Hurlbert,NA,RE,F,Canada,Canada,University of Regina,AR6-WG2,NA
Maria,Tirado,NA,LA,F,USA,Spain,University of California Los Angeles,AR6-WG2,NA
Maria Fernanda,Lemos,NA,CLA,F,Brazil,Brazil,Pontifical Catholic University of Rio de Janeiro,AR6-WG2,NA
Maria Isabel,Serrano Diná,NA,RE,F,Dominican Republic,Dominican Republic,"Pontificia Universidad Catolica, Madre y Maestra",AR6-WG3,NA
María José,Lopez Blanco,NA,RE,F,Spain,Spain,Gauss International Consulting,AR6-WG3,NA
Maria Silvia,Muylaert De Araujo,NA,LA,F,Brazil,Brazil,Housing Company of Rio de Janeiro State.,AR6-WG2,NA
Mariama,Williams,NA,LA,F,Switzerland,Jamaica,South Centre,AR6-WG3,NA
Mariana,Moncassim Vale,NA,LA,F,Brazil,Brazil,Federal University of Rio de Janeiro,AR6-WG2,NA
Marie-fanny,Racault,NA,LA,F,UK,UK,"School of Environmental Sciences, University of East Anglia",AR6-WG2,NA
Marjolijn,Haasnoot,NA,Author,F,Netherlands,Netherlands,Deltares,AR6-WG2,NA
Mark,Costello,NA,Lead,M,Norway,Ireland,Nord University,AR6-WG2,NA
Mark,Hemer,NA,LA,M,Australia,Australia,Commonwealth Scientific and Industrial Research Organisation,AR6-WG1,NA
Mark,New,NA,CLA,M,South Africa,South Africa,"African Climate and Development Initiative, University of Cape Town",AR6-WG2,NA
Mark,Pelling,NA,CLA,M,UK,UK,King's College London,AR6-WG2,NA
Marta G.,Rivera-Ferre,NA,RE,F,Spain,Spain,Spanish National Research Council (CSIC),AR6-WG2,NA
Martin,Wild,NA,LA,M,Switzerland,Switzerland,"ETH Zurich, Institute for Atmospheric and Climate Science",AR6-WG1,NA
Martina Angela,Caretta,NA,CLA,F,USA,Sweden,Lund University,AR6-WG2,NA
Masahide,Kimoto,NA,RE,M,Japan,Japan,"Atmosphere and Ocean Research Institute, the University of Tokyo",AR6-WG1,NA
Masahiro,Hashizume,NA,LA,M,Japan,Japan,University of Tokyo,AR6-WG2,NA
Masahiro,Watanabe,NA,LA,M,Japan,Japan,"Atmosphere and Ocean Research Institute, the University of Tokyo",AR6-WG1,NA
Masaki,Satoh,NA,LA,M,Japan,Japan,"Atmosphere and Ocean Research Institute, The University of Tokyo",AR6-WG1,NA
Masao,Ishii,NA,LA,M,Japan,Japan,"Oceanography and Geochemistry Research Department, Meteorological Research Institute, Japan Meteorological Agency",AR6-WG1,NA
Mathew,Barlow,NA,LA,M,USA,USA,University of Massachusetts Lowell,AR6-WG1,NA
Matilde,Rusticucci,NA,LA,F,Argentina,Argentina,Universidad de Buenos Aires,AR6-WG2,NA
Matthew,Palmer,NA,LA,M,UK,UK,Met Office Hadley Centre,AR6-WG1,NA
Mauricio,Domínguez Aguilar,NA,LA,M,Mexico,Mexico,Autonomous University of Yucatán,AR6-WG2,NA
Md.,Arfanuzzaman,NA,LA,M,Bangladesh,Bangladesh,Bangladesh Centre for Advanced Studies,AR6-WG2,NA
Mercedes,Bustamante,NA,LA,F,Brazil,Brazil,University of Brasília,AR6-WG3,NA
Mette,Skern-Mauritzen,NA,LA,F,Norway,Norway,Institute of Marine Research,AR6-WG2,NA
Michael,Grose,NA,LA,M,Australia,Australia,CSIRO Climate Science Centre,AR6-WG1,NA
Michael,Prather,NA,RE,M,USA,USA,University of California Irvine,AR6-WG1,NA
Michael,Sutherland,NA,RE,M,Trinidad and Tobago,Jamaica,University of the West Indies,AR6-WG2,NA
Michael,Wehner,NA,LA,M,USA,USA,Lawrence Berkeley National Laboratory,AR6-WG1,NA
Michelle,Mycoo,NA,CLA,F,Trinidad and Tobago,Trinidad and Tobago,"The Department of Geomatics Engineering & Land Management, the University of the West Indies",AR6-WG2,NA
Mike,Morecroft,NA,Author,M,UK,UK,Natural England,AR6-WG2,NA
Mohammad,Rahimi,NA,LA,M,Iran,Iran,"Faculty of Desert Studies, Semnan University",AR6-WG1,NA
Morgan,Wairiu,NA,CLA,M,Fiji,Solomon Islands,Pacific Centre for Environment and Sustainable Development,AR6-WG2,NA
Mostafa,Jafari,NA,LA,M,Iran,Iran,Macro National Strategic Plan of Climate Change Research AREEO/ and Head of TPS for LFCCs,AR6-WG2,NA
Mouhamadou Bamba,Sylla,NA,LA,M,Rwanda,Senegal,African Institute for Mathematical Sciences (AIMS),AR6-WG1,NA
Muhammad,Adnan,NA,LA,M,Pakistan,Pakistan,"Global Change Impact Studies Centre (GCISC), Ministry of Climate Change (MOCC)",AR6-WG1,NA
Muhammad,Amjad,NA,LA,M,Pakistan,Pakistan,Global Change Impact Studies Centre (GCISC),AR6-WG1,NA
Murat,Türkeş,NA,RE,M,Türkiye,Türkiye,Boğaziçi University - Center for Climate Change and Policy Studies,AR6-WG1,NA
Mykola,Shlapak,NA,LA,M,Ukraine,Ukraine,KT-Energy LLC,AR6-WG3,NA
Nahla,Samargandi,NA,LA,F,Saudi Arabia,Saudi Arabia,King Abdulaziz University,AR6-WG3,NA
Nana Ama Browne,Klutse,NA,LA,F,Ghana,Ghana,"Ghana Space Science and Technology Institute, Ghana Atomic Energy Commission",AR6-WG1,NA
Nares,Chuersuwan,NA,RE,M,Thailand,Thailand,Suranaree University of Technology,AR6-WG1,NA
Nathalie Jeanne Marie,Hilmi,NA,LA,F,Monaco,France,Centre Scientifique de Monaco,AR6-WG2,NA
Nathan P.,Gillett,NA,CLA,M,Canada,Canada,Environment and Climate Change Canada,AR6-WG1,NA
Nicholas,Golledge,NA,LA,M,New Zealand,UK,"Antarctic Research Centre, Victoria University of Wellington",AR6-WG1,NA
Nicholas,Simpson,NA,LA,M,South Africa,Zimbabwe,University of Cape Town,AR6-WG2,NA
Nick,Campbell,NA,RE,M,France,UK,International Chamber of Commerce,AR6-WG3,NA
Nicolas,Bellouin,NA,LA,M,UK,France,"Department of Meteorology, University of Reading",AR6-WG1,NA
Nicolás,Cuvi,NA,LA,M,Ecuador,Ecuador,Latinoamericana de Ciencias Sociales,AR6-WG2,NA
Nigel,Arnell,NA,LA,M,UK,UK,University of Reading,AR6-WG1,NA
Nigel,Tapper,NA,LA,M,Australia,Australia,Monash University,AR6-WG2,NA
Nils Christian,Stenseth,NA,LA,M,Norway,Norway,University of Oslo,AR6-WG2,NA
Nina,Lansbury,NA,LA,F,Australia,Australia,The University of Queensland,AR6-WG2,NA
Nobuo,Mimura,NA,RE,M,Japan,Japan,Ibaraki University,AR6-WG2,NA
Noemí,Chacón,NA,Author,F,Venezuela,Venezuela,Instituto Venezolano de Investigaciones Científicas (IVIC),AR6-WG2,NA
Nokuthula,Dube,NA,LA,F,UK,Zimbabwe,African Energy and Finance Boutique,AR6-WG3,NA
Oksana,Lipka,NA,LA,F,Russia,Russia,YU A. Israel Institute of Global climate and Ecology,AR6-WG2,NA
Olaf,Morgenstern,NA,LA,M,New Zealand,Germany,National Institute of Water and Atmospheric Research (NIWA),AR6-WG1,NA
Olga,Zolina,NA,LA,F,Russia,Russia,P.P.Shirshov Institute of Oceanology RAS and Université Grenoble Alpes,AR6-WG1,NA
Olivia,Warrick,NA,LA,F,New Zealand,New Zealand,"International Federation of Red Cross Red Crescent Societies, Red Cross Red Crescent Climate Centre",AR6-WG2,NA
Ousman,Ndiaye,NA,LA,M,Senegal,Senegal,Senegalese National Civil Aviation and Meteorology (ANACIM),AR6-WG1,NA
Pablo,Peri,NA,LA,M,Argentina,Argentina,CONICET-INTA-Universidad Nacional de la Patagonia Austral,AR6-WG2,NA
Pablo Esteban,Carvajal Sarzosa,NA,LA,M,Germany,Ecuador,International Renewable Energy Agency,AR6-WG3,NA
Pandora,Hope,NA,LA,F,Australia,Australia,Bureau of Meteorology,AR6-WG1,NA
Paola Andrea,Arias Gomez,NA,LA,F,Colombia,Colombia,"Escuela Ambiental, Universidad de Antioquia",AR6-WG1,NA
Pascale,Braconnot,NA,RE,F,France,France,Laboratoire des Sciences du Climat et de l'Environnement / IPSL,AR6-WG1,NA
Patricia Fernanda,Pinho,NA,LA,F,Sweden,Brazil,University of Sao Paulo,AR6-WG2,NA
Patrick,Gonzalez,NA,LA,M,USA,USA,"University of California, Berkeley",AR6-WG2,NA
Patrick,Nunn,NA,LA,M,Australia,Australia,University of the Sunshine Coast,AR6-WG2,NA
Paul,Durack,NA,LA,M,USA,Australia,Lawrence Livermore National Laboratory (Program for Climate Model Diagnosis and Intercomparison),AR6-WG1,NA
Paul,Edwards,NA,LA,M,USA,USA,Stanford University and University of Michigan,AR6-WG1,NA
Paulina,Martinetto,NA,LA,F,Argentina,Argentina,National Council for Research and Technology,AR6-WG2,NA
Pauline,Dube,NA,RE,F,Botswana,Botswana,University of Botswana,AR6-WG2,NA
Paulo Eduardo,Artaxo Netto,NA,LA,M,Brazil,Brazil,University of São Paulo - Institute of Physics,AR6-WG1,NA
Pedro,Scheel Monteiro,NA,CLA,M,South Africa,South Africa,CSIR,AR6-WG1,NA
Peter,Alexander,NA,LA,M,UK,UK,The University of Edinburgh,AR6-WG2,NA
Peter M.,Cox,NA,LA,M,UK,UK,University of Exeter,AR6-WG1,NA
Petra,Schweizer-Ries,NA,LA,F,Germany,Germany,University of Applied Sciences Bochum,AR6-WG3,NA
Philip W.,Boyd,NA,LA,M,Australia,UK,"Institute for Marine and Antarctic Studies, University of Tasmania",AR6-WG2,NA
Philippe,Huybrechts,NA,LA,M,Belgium,Belgium,"Earth System Science & Departement Geografie, Vrije Universiteit Brussel",AR6-WG1,NA
Philippus,Wester,NA,LA,M,Nepal,Netherlands,International Centre for Integrated Mountain Development,AR6-WG2,NA
Piero,Lionello,NA,Author,M,Italy,Italy,Univ. delSalento and CMCC,AR6-WG2,NA
Piers,Forster,NA,CLA,M,UK,UK,University of Leeds,AR6-WG1,NA
Prabir,Patra,NA,LA,M,Japan,India,Japan Agency for Marine-Earth Science and Technology,AR6-WG1,NA
Pramod Kumar,Singh,NA,LA,M,India,India,Institute of Rural Management Anand,AR6-WG2,NA
Preety,Bhandari,NA,LA,F,Philippines,India,Asian Development Bank,AR6-WG3,NA
Prodromos,Zanis,NA,LA,M,Greece,Greece,"Department of Meteorology and Climatology, School of Geology, Aristotle University of Thessaloniki",AR6-WG1,NA
Qiyong,Liu,NA,LA,M,China,China,CHINESE CENTER FOR DISEASE CONTROL AND PREVENTION ( CHINA CDC ),AR6-WG2,NA
Quan,Bai,NA,CLA,M,China,China,"Energy Research Institute of National Development and Reform Commission, China",AR6-WG3,NA
Rachel,Bezner Kerr,NA,CLA,F,USA,Canada,Cornell University,AR6-WG2,NA
Rachel,Warren,NA,LA,F,UK,UK,University of East Anglia,AR6-WG2,NA
Rafiq,Hamdi,NA,LA,M,Belgium,Belgium,Royal Meteorological Institute of Belgium,AR6-WG1,NA
Rajib,Shaw,NA,CLA,M,Japan,Japan,"KEIO UNIVERSITY, Graduate School of Media and Governance",AR6-WG2,NA
Rajiv,Pandey,NA,CLA,M,India,India,Indian Council of Forestry Research & Education (ICFRE); An Government of India Organisation,AR6-WG2,NA
Raman,Sukumar,NA,LA,M,India,India,Indian Institute of Science,AR6-WG2,NA
Raphaël,Jachnik,NA,LA,M,France,France,OECD,AR6-WG3,NA
Rashyd,Zaaboul,NA,LA,M,UAE,Morocco,International Center for Biosaline Agriculture,AR6-WG1,NA
Rawshan,Ara Begum,NA,CLA,F,Australia,Bangladesh,Centre for Corporate Sustainability and Environmental Finance,AR6-WG2,NA
Rebecca,Harris,NA,Author,F,Australia,Australia,University of Tasmania,AR6-WG2,NA
Rein,Haarsma,NA,LA,M,Netherlands,Netherlands,Royal Netherlands Meteorological Institute (KNMI),AR6-WG1,NA
Richard,Allan,NA,LA,M,UK,UK,University of Reading,AR6-WG1,NA
Richard,Dawson,NA,LA,M,UK,UK,Newcastle University,AR6-WG2,NA
Richard,Feely,NA,RE,M,USA,USA,NOAA Pacific marine Environmental Laboratory,AR6-WG1,NA
Richard,Jones,NA,CLA,M,UK,UK,Met Office Hadley Centre,AR6-WG1,NA
Richard,Klein,NA,RE,M,Germany,Netherlands,Stockholm Environment Institute,AR6-WG2,NA
Richard A.,Betts,NA,LA,M,UK,UK,Met Office Hadley Centre and University of Exeter,AR6-WG2,NA
Rita,Adrian,NA,LA,F,Germany,Germany,Leibniz-Institute of Freshwater Ecology and Inland Fisheries,AR6-WG2,NA
Riyanti,Djalante,NA,LA,F,Japan,Indonesia,Kendari City Government,AR6-WG2,NA
Robbert,Biesbroek,NA,CLA,M,Netherlands,Netherlands,Wageningen University & Research; Public Administration and Policy Group,AR6-WG2,NA
Robert,Colman,NA,RE,M,Australia,Australia,Australian Bureau of Meteorology,AR6-WG1,NA
Robert,Kopp,NA,LA,M,USA,USA,Rutgers University,AR6-WG1,NA
Robert,Lempert,NA,CLA,M,USA,USA,RAND,AR6-WG2,NA
Robert,Mcleman,NA,CLA,M,Canada,Canada,"Wilfrid Laurier University, Department of Geography and Environmental Studies",AR6-WG2,NA
Robert,Vautard,NA,CLA,M,France,France,CNRS - Laboratoire des Sciences du Climat et de l'Environnement,AR6-WG1,NA
Roberto,Sánchez Rodríguez,NA,RE,M,Mexico,Mexico,El Colegio de la Frontera Norte,AR6-WG2,NA
Rondrotiana,Barimalala,NA,LA,F,South Africa,Madagascar,"Department of Oceanography, University of Cape Town",AR6-WG1,NA
Roshanka (rwmrjb),Ranasinghe,NA,CLA,M,Netherlands,Sri Lanka,"IHE Delft/University of Twente, The Netherlands",AR6-WG1,NA
Rupa,Mukerji,NA,LA,F,Switzerland,India,Helvetas Swiss Intercooperation,AR6-WG2,NA
Russell,Vose,NA,LA,M,USA,USA,NOAA/NCEI,AR6-WG1,NA
Ruth,Cerezo Mota,NA,LA,F,Mexico,Mexico,UNAM / Laboratory of Engineering and Coastal Processes,AR6-WG1,NA
Ruth,Morgan,NA,LA,F,Australia,Australia,Australian National University,AR6-WG2,NA
Salvador E.,Lluch-Cota,NA,LA,M,Mexico,Mexico,"Center for Biological Research of the Northwest, S.C. (CIBNOR)",AR6-WG2,NA
Samuel,Jaccard,NA,LA,M,Switzerland,Switzerland,"Institute of Geological Sciences and Oeaschger Center for Climate Change Research, University of Bern",AR6-WG1,NA
Sandro,Fuzzi,NA,LA,M,Italy,Italy,Institute of Atmospheric Sciences and Climate - National Research Council,AR6-WG1,NA
Sanjay,Chaturvedi,NA,LA,M,India,India,Panjab University,AR6-WG2,NA
Sarah,Burch,NA,LA,F,Canada,Canada,University of Waterloo,AR6-WG3,NA
Sarah,Cooley,NA,CLA,F,USA,USA,Ocean Conservancy,AR6-WG2,NA
Sawsan,Mustafa,NA,LA,F,Sudan,Sudan,Ministry of Animal Resources /Range and Pasture General Directorate,AR6-WG1,NA
Sebastian,Gerland,NA,LA,M,Norway,Germany,Norwegian Polar Institute,AR6-WG1,NA
Sebastian H.,Mernild,NA,LA,M,Norway,Denmark,University of Southern Denmark,AR6-WG1,NA
Seita,Emori,NA,LA,M,Japan,Japan,"National Institute for Environmental Studies, Japan",AR6-WG1,NA
Seree,Supratid,NA,LA,M,Thailand,Thailand,"Climate Change and Disaster Center, Rangsit U.",AR6-WG2,NA
Sergey,Gulev,NA,CLA,M,Russia,Russia,"P.P. Shirshov Institute of Oceanology, Russian Academy of Sciences",AR6-WG1,NA
Sergio Henrique,Faria,NA,LA,M,Spain,Brazil,BC3 - Basque Centre for Climate Change,AR6-WG1,NA
Sergio M.,Vicente-Serrano,NA,LA,M,Spain,Spain,Spanish National Research Council (Pyrenean Institute of Ecology),AR6-WG1,NA
Seung-ki,Min,NA,LA,M,Republic of Korea,Republic of Korea,Pohang University of Science and Technology,AR6-WG1,NA
Sha,Fu,NA,LA,F,China,China,"Assistant professor, National center for climate change strategy and international cooperation",AR6-WG3,NA
Sharina,Abdul Halim,NA,LA,F,Malaysia,Malaysia,"Institute for Environment and Development, Universiti Kebangsaan Malaysia",AR6-WG2,NA
Sharon,Smith,NA,LA,F,Canada,Canada,"Geological Survey of Canada, Natural Resources Canada",AR6-WG1,NA
Shayne,Mcgregor,NA,LA,M,Australia,Australia,"School of Earth, Amtosphere and Environment, Monash University",AR6-WG1,NA
Sherilee,Harper,NA,LA,F,Canada,Canada,University of Alberta,AR6-WG2,NA
Shin-ichi,Ito,NA,LA,M,Japan,Japan,The University of Tokyo,AR6-WG2,NA
Shobha,Maharaj,NA,Author,F,Trinidad and Tobago,Germany,Terraformation,AR6-WG2,NA
Shubha,Sathyendranath,NA,LA,F,UK,UK,Plymouth Marine Laboratory,AR6-WG1,NA
Silvie,Kreibiehl,NA,CLA,F,Germany,Germany,Frankfurt School - UNEP Collaborating Centre for Climate and Sustainable Energy Finance,AR6-WG3,NA
Simon,Donner,NA,LA,M,Canada,Canada,University of British Columbia,AR6-WG2,NA
Simon,Marsland,NA,RE,M,Australia,Australia,CSIRO Climate Science Centre,AR6-WG1,NA
Simone,Lucatello,NA,CLA,M,Mexico,Mexico,"Instituto de Investigaciones Dr. José Maria Luis Mora, CONACYT",AR6-WG2,NA
Siri H.,Eriksen,NA,LA,F,Norway,Norway,Norwegian University of Life Sciences,AR6-WG2,NA
Sixbert,Mwanga,NA,LA,M,Tanzania,Tanzania,Climate Action Network Tanzania,AR6-WG2,NA
Smail,Khennas,NA,LA,M,UK,Algeria,Energy and climate change: independent consultant,AR6-WG3,NA
So Min,Cheong,NA,LA,F,USA,Republic of Korea,University of Kansas,AR6-WG2,NA
Sönke,Zaehle,NA,LA,M,Germany,Germany,Max Planck Institute for Biogeochemistry,AR6-WG1,NA
Soojeong,Myeong,NA,RE,F,Republic of Korea,Republic of Korea,Korea Environment Institute,AR6-WG2,NA
Sophie,Lewis,NA,LA,F,Australia,Australia,University of New South Wales in Canberra,AR6-WG1,NA
Sophie,Nowicki,NA,LA,F,USA,USA,University at Buffalo,AR6-WG1,NA
Sophie,Szopa,NA,CLA,F,France,France,Laboratoire des Sciences du Climat de l'Environnement (LSCE-IPSL),AR6-WG1,NA
Stefano,Battiston,NA,LA,M,Switzerland,Italy,University of Zurich,AR6-WG3,NA
Stephanie,Henson,NA,LA,F,UK,UK,National Oceanography Centre,AR6-WG1,NA
Stephen,Syampungani,NA,LA,M,Zambia,Zambia,Copperbelt University,AR6-WG1,NA
Steven K.,Rose,NA,LA,M,USA,USA,Electric Power Research Institute,AR6-WG2,NA
Subimal,Ghosh,NA,LA,M,India,India,"Interdisciplinary Program in Climate Studies, Indian Institute of Technology Bombay, Powai",AR6-WG1,NA
Sudarmantobudi,Nugroho,NA,LA,M,Japan,Indonesia,Institute for Global Environmental Strategies-Japan,AR6-WG3,NA
Suraje,Dessai,NA,LA,M,UK,Portugal,University of Leeds,AR6-WG1,NA
Susanna,Corti,NA,LA,F,Italy,Italy,Consiglio Nazionale delle Ricerche (CNR) - Istituto di Scienze dell,AR6-WG1,NA
Svitlana,Krakovska,NA,LA,F,Ukraine,Ukraine,Ukrainian Hydrometeorological Institute,AR6-WG1,NA
Swapna,Panickal,NA,LA,F,India,India,"Centre for Climate Change Research, Indian Institute of Tropical Meteorology, Pune, India",AR6-WG1,NA
Sybren,Drijfhout,NA,LA,M,Netherlands,Netherlands,Royal Netherlands Meteorological Institute,AR6-WG1,NA
Tabea Katharina,Lissner,NA,LA,F,Germany,Germany,Climate Analytics,AR6-WG2,NA
Tae Sung,Cheong,NA,CLA,M,Republic of Korea,Republic of Korea,"Ministry of Interior and Safety, National Disaster Management Institute",AR6-WG2,NA
Taikan,Oki,NA,RE,M,Japan,Japan,The University of Tokyo,AR6-WG2,NA
Taishi,Sugiyama,NA,LA,M,Japan,Japan,The Canon Institute of Global Studies,AR6-WG3,NA
Tamsin,Edwards,NA,LA,F,UK,UK,"Department of Geography, King's College London",AR6-WG1,NA
Tannecia,Stephenson,NA,LA,F,Jamaica,Jamaica,The University of the West Indies,AR6-WG1,NA
Terje,Berntsen,NA,LA,M,Norway,Norway,"University of Oslo, Norway",AR6-WG1,NA
Tetsuzo,Yasunari,NA,RE,M,Japan,Japan,Research Institute for Humanity and Nature,AR6-WG1,NA
Thanh,Ngo-Duc,NA,LA,M,Vietnam,Vietnam,"University of Science and Technology of Hanoi, Vietnam Academy of Science and Technology",AR6-WG1,NA
Thian Yew,Gan,NA,LA,M,Canada,Malaysia,University of Alberta,AR6-WG1,NA
Thomas,Bernauer,NA,LA,M,Switzerland,Switzerland,ETH Zurich,AR6-WG2,NA
Thorsten,Mauritsen,NA,LA,M,Germany,Denmark,Department for Meteorology at Stockholm University,AR6-WG1,NA
Tianjun,Zhou,NA,LA,M,China,China,"Institute of Atmospheric Physics, Chinese Academy of Sciences",AR6-WG1,NA
Timon,Mcphearson,NA,LA,M,USA,USA,Stockholm Resilience Centre,AR6-WG2,NA
Timothy,Osborn,NA,RE,M,UK,UK,University of East Anglia,AR6-WG1,NA
Timothy (tim),Kohler,NA,LA,M,USA,USA,Washington State University,AR6-WG2,NA
Tomas,Halenka,NA,RE,M,Czech Republic,Czech Republic,Charles University,AR6-WG1,NA
Tong,Jiang,NA,RE,M,China,China,National Climate Centre of China Meteorological Administration,AR6-WG2,NA
Tor Arve,Benjaminsen,NA,Author,M,Norway,Norway,Norwegian University of Life Sciences,AR6-WG2,NA
Toshihiro,Hasegawa,NA,CLA,M,Japan,Japan,National Agricultural and Food Research Organization,AR6-WG2,NA
Trude,Storelvmo,NA,CLA,F,Norway,Norway,University of Oslo,AR6-WG1,NA
Tsutomu,Kajino,NA,LA,M,Japan,Japan,TOYOTA CENTRAL R&D LABS INC,AR6-WG3,NA
Uday Bhaskar,Nidumolu,NA,LA,M,Australia,Australia,Commonwealth Scientific and Industrial Research Organisation (CSIRO),AR6-WG2,NA
Unnikrishnan,Alakkat,NA,RE,M,India,India,"Retired Scientist, CSIR-National Institute of Oceanography",AR6-WG1,NA
Vaishali,Naik,NA,CLA,F,USA,USA,GFDL/NOAA,AR6-WG1,NA
Vanesa,Castan Broto,NA,LA,F,UK,Spain,University of Sheffield,AR6-WG2,NA
Venkatachalam,Ramaswamy,NA,RE,M,USA,USA,NOAA/ Geophysical Fluid Dynamics Laboratory,AR6-WG1,NA
Veronika,Eyring,NA,CLA,F,Germany,Germany,"Deutsches Zentrum für Luft- und Raumfahrt e.V. (DLR), Institut für Physik der Atmosphäre, Oberpfaffenhofen; University of Bremen, Institute of Environmental Physics (IUP), Bremen, Germany",AR6-WG1,NA
Veruska,Muccione,NA,LA,F,Switzerland,Switzerland,University of Zurich,AR6-WG2,NA
Victor,Brovkin,NA,RE,M,Germany,Russia,Max Planck Institute for Meteorology,AR6-WG1,NA
Virginie,Duvat,NA,LA,F,France,France,"University of la Rochelle-CNRS, UMR LIENSs 7266",AR6-WG2,NA
Vladimir,Kattsov,NA,RE,M,Russia,Russia,"Voeikov Main Geophysical Observatory, Federal Service for Hydrometeorology and Environmental Monitoring",AR6-WG1,NA
Wafae,Badi,NA,LA,F,Morocco,Morocco,Direction de la Météorologie Nationale (Moroccan Meteorological Service),AR6-WG1,NA
Walter Alberto,Pengue,NA,LA,M,Argentina,Argentina,GEPAMA UNIVERSIDAD DE BUENOS AIRES / ECOLOGIA ICO UNIVERSIDAD DE GENERAL SARMIENTO,AR6-WG3,NA
Wen,Wang,NA,LA,M,China,China,Hohai University,AR6-WG1,NA
Wilfried,Pokam Mba,NA,LA,M,Cameroon,Cameroon,University of Yaounde 1,AR6-WG1,NA
William,Collins,NA,LA,M,UK,UK,University of Reading,AR6-WG1,NA
William,Gutowski,NA,LA,M,USA,USA,Iowa State University,AR6-WG1,NA
William D.,Collins,NA,LA,M,USA,USA,"Lawrence Berkeley Laboratory and University of California, Berkeley",AR6-WG1,NA
Winston,Chow,NA,LA,M,Singapore,Singapore,Singapore Management University,AR6-WG2,NA
Wolfgang,Kiessling,NA,Author,M,Germany,Germany,Friedrich-Alexander-Universität Erlangen-Nürnberg,AR6-WG2,NA
Won-tae,Kwon,NA,LA,F,Republic of Korea,Republic of Korea,APEC Climate Center,AR6-WG1,NA
Xuebin,Zhang,NA,CLA,M,Canada,Canada,Environment and Climate Change Canada,AR6-WG1,NA
Xuefeng,Cui,NA,LA,M,China,China,Beijing Normal University,AR6-WG2,NA
Yakiv,Didukh,NA,RE,M,Ukraine,Ukraine,"M. G. Kholodny Institute of Botany, Nat. Acad. of Sci. of Ukraine<br />International Association for Vegetation Science",AR6-WG2,NA
Yan,Zheng,NA,LA,F,China,China,Chinese Academy of Social Sciences (CASS),AR6-WG2,NA
Yimnang,Golbuu,NA,Author,M,Palau,Palau,Palau International Coral Reef Center,AR6-WG2,NA
Ying,Chen,NA,LA,F,China,China,"Institute for Urban and Environmental Studies (IUE), Chinese Academy of Social Sciences (CASS)",AR6-WG3,NA
Ying,Sun,NA,LA,F,China,China,China Meteorological Administration,AR6-WG1,NA
Yoichi,Ishikawa,NA,LA,M,Japan,Japan,Japan Agency for Marine-Earth Science and Technology,AR6-WG2,NA
Yong,Luo,NA,CLA,M,China,China,"Department of Earth System Science, Tsinghua University",AR6-WG2,NA
Yongqiang,Yu,NA,LA,M,China,China,Institute of Atmospheric Physics,AR6-WG1,NA
Yu,Kosaka,NA,LA,F,Japan,Japan,"Research Center for Advanced Science and Technology, The University of Tokyo",AR6-WG1,NA
Yugo,Kanaya,NA,RE,M,Japan,Japan,Japan Agency for Marine-Earth Science and Technology,AR6-WG1,NA
Yukiko,Hirabayashi,NA,LA,F,Japan,Japan,Shibaura Institute of Technology,AR6-WG2,NA
Yun Seng,Lim,NA,LA,M,Malaysia,Malaysia,Universiti Tunku Abdul Rahman,AR6-WG3,NA
Yunus,Mgaya,NA,LA,M,Tanzania,Tanzania,University of Dar es Salaam,AR6-WG2,NA
Zarrin,Azar,NA,RE,F,Iran,Iran,Ferdowsi University of Mashhad,AR6-WG1,NA
Zbigniew,Klimont,NA,LA,M,Austria,Poland,International Institute for Applied Systems Analysis (IIASA),AR6-WG1,NA
Zbigniew,Kundzewicz,NA,RE,M,Germany,Poland,Polish Academy of Sciences,AR6-WG2,NA
Zelina,Zaiton Ibrahim,NA,CLA,F,Malaysia,Malaysia,University Putra Malaysia,AR6-WG2,NA
Zhibin,Zhang,NA,LA,M,China,China,"Institute of Zoology, Chinese Academy of Sciences",AR6-WG2,NA
Zhiyan,Zuo,NA,LA,F,China,China,Chinese Academy of Meteorological Sciences,AR6-WG1,NA
