age,gender,gender_other,country_residence,country_work,nature_work,agree_ipcc,noagree_ipcc,complicated_ipcc,cbi_personal,cbi_work,dass_depression,dass_anxiety,dass_stress,dass_total,hopeful_future_rating,worried_future,response_id,time
33,Female,,Australia,Australia,"Research Fellow, oceanography and climate science",1,,,62.5,42.857142857142854,5,1,5,11,83,84,CB3Yh4QMSH,1
51,Male,,Australia,,Atmospheric scientist,1,,,41.666666666666664,32.142857142857146,7,1,5,13,34,19,Vq2uqNJYff,1
43,Female,,Australia,,Senior lecturer- climate science,1,,,33.333333333333336,42.857142857142854,1,0,1,2,26,71,EvmPRjyLMH,1
52,Male,,Australia,,Climate Science,3,,"IPCC have never said climate change is a ""grave threat"" so I can neither agree nor disagree. If you frame the question ""Are humans causing global warming that will likely accellerate in the future"" which is basically what the IPCC say, then yes, I certainly agree with that",20.833333333333332,25,0,0,4,4,20,86,6UTAb7eO6t,1
38,Male,,Australia,Australia,Research Fellow - climate variability and climate extremes,1,,,29.166666666666668,21.428571428571427,2,0,6,8,50,51,AYJmMnVq6X,1
28,Female,,Australia,France and Australia,Research Associate - climate extreme events (temperature and precipitation extremes),1,,,25,21.428571428571427,0,0,1,1,40,53,KBBSEmIYWh,1
40,Female,,Australia,Australia,Research Associate - physical oceanographer,1,,,25,17.857142857142858,1,2,6,9,71,55,b9cIXGm7ni,1
39,Male,,Australia,Australia,Tenured academic - climate change processes,1,,,50,50,4,1,9,14,46,69,snYZXU7rAY,1
60,Male,,USA,,"Senior Research Scientist - global climate, atmospheric science, global energy systems",1,,,50,25,4,1,4,9,31,73,748Y1dRTB3,1
72,Male,,USA,,Climate scientist,1,,,16.666666666666668,32.142857142857146,0,1,2,3,50,73,lQ99G5Bcj8,1
65,Male,,USA,,Atmospheric Scientist,1,,,25,17.857142857142858,4,1,7,12,37,82,eGjAKKqgjO,1
80,Male,,United States,,climate modeling,1,,,0,17.857142857142858,1,1,0,2,88,69,y308lfHHMg,1
71,Male,,USA,USA,Atmospheric science,1,,,20.833333333333332,7.142857142857143,0,0,0,0,58,70,DzLsqOjVg4,1
28,Male,,Australia,Australia,Science Communication,1,,,54.166666666666664,42.857142857142854,0,2,9,11,50,75,NzIaumAEyO,1
33,Male,,Australia,,Research Fellow - climate scientist.,1,,,66.66666666666667,50,3,1,5,9,19,66,BYnx2Q8Pet,1
69,Male,,UK,,Emeritus Prof - Arctic research,1,,,70.83333333333333,67.85714285714286,9,3,7,19,4,100,9IABFp4QwY,1
35,Male,,Denmark,Greenland,senior researcher - glaciology and climate,1,,,50,35.714285714285715,5,4,8,17,25,73,ePxlQ2y8ri,1
62,Female,,USA,,Professor of Geography - climate and society,1,,,62.5,50,9,1,4,14,44,68,GfwE83JObl,1
56,Male,,UK,UK,social scientist studying climate discourse - previously climate scientist,3,,"Yes, but 'the grave threat to the planet' bit of it needs unpacking; not as simple as this",20.833333333333332,10.714285714285714,0,0,2,2,63,32,FplQK0ASWM,1
54,Male,,USA,USA,"Carbon Cycle scientist, a subset of climate science",1,,,37.5,42.857142857142854,2,0,10,12,35,72,elU9Z9ro61,1
62,Male,,USA,USA,atmospheric scientist studying climate,1,,,37.5,14.285714285714286,1,1,3,5,72,29,W7rHTjA2U6,1
62,Male,,UK,Australia,"Professor, teaching and research on climate science, climate variability and climate change.",1,,,16.666666666666668,25,2,2,6,10,35,59,E0c1YFZauw,1
70,Male,,France,,Paleaclimatology,1,,,33.333333333333336,17.857142857142858,4,2,6,12,38,58,s2ljBdjZgq,1
55,Male,,Netherlands,same,atmospheric scientist,3,,It is occurring. Whether it's a grave threat I cannot judge.,16.666666666666668,25,0,0,2,2,71,40,fwDIDrhn9W,1
58,Male,,Australia,,Climate scientist,1,,,16.666666666666668,25,2,0,1,3,50,79,NmtHLH6ECS,1
48,Male,,Unied Kingdom,,"Professor, physical oceanography",1,,,37.5,28.571428571428573,0,0,3,3,69,56,L7s3m4qIyD,1
54,Male,,UK,UK,oceanographer,3,,Climate change is a serious threat. Anthripogenic contribution is part of it and a safe working hypothesis but not exclusively responsible.,54.166666666666664,60.714285714285715,5,0,6,11,34,62,71SZw00Krp,1
63,Male,,USA,USA,Climate scientist,1,,,16.666666666666668,10.714285714285714,0,0,2,2,95,24,JZLIux8lDO,1
74,Male,,USA,,"Now, officially retired from atmospheric scientist/climate modeling program leader career lasting 34 years, but now still active after nearly 15 years  affiliated with a small NGO, engaged on essentially full-time basis promoting scientific understanding and positive steps that can be taken to deal with climate change.",3,,I actually think that the IPCC is too cautious in its statements about the risks and pace of change,33.333333333333336,42.857142857142854,4,1,5,10,58,74,jGOWWNLmiR,1
44,Female,,UK,"Europe wide, Australia",Professor - climate governance/politics,1,,,33.333333333333336,21.428571428571427,1,1,4,6,79,62,i3jCFaqLO9,1
58,Male,,USA,,Faculty in atmospheric science - trends in observed precipitation,3,,I think the IPCC has oversimplified the conclusions which makes them vulnerable,20.833333333333332,14.285714285714286,0,0,1,1,65,61,sjY1Wwwm8q,1
65,Male,,AUSTRALIA,,"Research Scientist - Oceanography, ocean heat content, sea level",1,,,20.833333333333332,10.714285714285714,1,0,4,5,67,74,vgH1N1qawI,1
49,Male,,U.K.,U.K.,Professor Physical Climate Change,1,,,41.666666666666664,50,3,1,7,11,74,31,QlUTvQ3opj,1
48,Male,,UK,UK,"Physical climate change, modelling",1,,,12.5,10.714285714285714,1,0,2,3,88,10,2M13iV0Hmr,1
50,Male,,United States,United States,Manager/principal investigator climate modeling,1,,,29.166666666666668,25,1,1,1,3,63,50,cOpZORmvkm,1
68,Male,,Usa,,Ecosystem science,1,,,50,50,2,0,4,6,19,77,bBu5O4oqq3,1
43,Male,,UK,,Climate Scientist,1,,,54.166666666666664,67.85714285714286,10,4,14,28,39,75,aRB3T0MOwK,1
49,Male,,Norway,Norway,Climate analysis and downscaling climate information for study of local consequences to climate change and variability,1,,,20.833333333333332,35.714285714285715,5,1,8,14,53,59,3evbvMMSNg,1
42,Male,,USA,USA,Professor and Chair - Climate Science,1,,,29.166666666666668,25,2,1,9,12,64,66,ZGJ6fhkIRh,1
49,Male,,United States,,"associate professor of marine science -- I teach graduate students and conduct research on ocean dynamics, climate change, and sea level rise",3,,"This is a poorly worded question, as there are two distinct questions. Yes, I am in agreement that anthropogenic-caused climate change is occuring. I do have to quible a little about the second question (is it a grave trhreat to the planet). That's a lot more nuanced and harder to answer with a simple yes and no. The planet will survive no matter what we do. Climate change is a grave threat to human society. Unless we change or start planning to adapt, I am not certain that human society will be better a few hundred years from now.",25,10.714285714285714,2,4,2,8,51,57,BJXz8yap6d,1
52,Male,,Canada,,Research Scientist - ocean biogeochemistry and climate,3,,"""a grave threat to the planet"" sounds like the rhetoric of environmental activists, and I strongly doubt that any of the IPCC assessment reports use such terms. Nonetheless, I agree that anthropogenic climate change poses serious threats to ecosystems and to human civilization.",29.166666666666668,25,2,3,8,13,76,93,AdiWUsdi8c,1
49,Male,,New Zealand,,Atmospheric scientist,1,,,62.5,64.28571428571429,5,1,11,17,35,59,YpRecDRr3p,1
63,Male,,USA,USA,Climate modeling,1,,,12.5,7.142857142857143,0,0,1,1,97,15,u1G6xI6mDE,1
63,Male,,Switzerland,Switzerland,"Professor, Climate Physicist",1,,,12.5,3.5714285714285716,0,1,4,5,72,72,PMzS4uFIpM,1
65,Male,,United States,,"Atmospheric scientist at the Lawrence Livermore National Laboratory in Livermore, California (just a few months away from retirement). I compare output from climate models with observations. See www-pcmdi.llnl.gov for details.",3,,"It's occurring, and potentially a grave threat, but time will tell how bad it gets.",29.166666666666668,21.428571428571427,3,3,5,11,54,45,hQm5R1XV81,1
71,Male,,Canada,,"Retired but still working on the effects of climate change on the marine planktonic ecosystem, primarily through modelling.",1,,,16.666666666666668,25,1,0,4,5,50,71,Mh2Pu2KIVI,1
66,Male,,United States,United States,"Working-stiff climate scientist, building global climate datasets from satellite and in situ measurements from scratch to answer climate questions",2,,,12.5,14.285714285714286,1,0,2,3,91,7,vhD2tEmZBn,1
64,Male,,Brazil,Brazil,Atmospheric Scientist,1,,,16.666666666666668,14.285714285714286,0,1,5,6,92,87,WVXdRjtpAY,1
52,Male,,United States,,Climate scientist; climate feedbacks and climate sensitivity,1,,,41.666666666666664,32.142857142857146,0,0,1,1,52,72,U2UEVIEgy1,1
60,Male,,United State,Same as above,Professor - climate dynamics,1,,,20.833333333333332,17.857142857142858,0,0,0,0,65,66,mHR6ovc0Mh,1
70,Male,,Australia,,"Both research (Earth System science), mainly with colleagues from Europe, and communication, mainly on climate change, in Australia",1,,,37.5,39.285714285714285,2,0,4,6,49,50,97Qbpw9ZPl,1
68,Male,,Germany,,Atmospheric scientist,1,,,16.666666666666668,3.5714285714285716,1,1,1,3,62,60,O3kh1VkyBl,1
65,Male,,UK,UK,Instrumental Climate Change,1,,,50,50,7,7,8,22,61,64,QfYSr5HUeH,1
49,Female,,UK,,"researcher and university  lecturer (reader/associate prof),land-climate interactions and climate policy",1,,,66.66666666666667,35.714285714285715,3,3,7,13,46,68,F3Kf2n5gPF,1
56,Male,,UK,,Climate scientist,1,,,37.5,28.571428571428573,3,0,6,9,77,64,AAUsacl7GG,1
60,Male,,United States,Republic of Korea,teaching and research,1,,,33.333333333333336,25,7,5,10,22,41,66,rxnRwU7sQF,1
45,Male,,uk,,climate science research,1,,,54.166666666666664,28.571428571428573,1,0,6,7,80,31,4LCuCSyPlW,1
62,Female,,USA,,Professor of Environment and Development,1,,,45.833333333333336,39.285714285714285,5,0,8,13,30,76,Chyfk6iCL1,1
53,Female,,USA,,Economist researching climate and energy policies.,1,,,54.166666666666664,46.42857142857143,5,0,5,10,63,62,gpFYeJnVSY,1
72,Male,,USA,USA,energy systems,1,,,54.166666666666664,42.857142857142854,5,1,8,14,29,83,R_3gIba9pnfJSdL5x,2
43,Male,,Canada,Canada,"Faculty member, geoscience",1,,,70.83333333333333,67.85714285714286,6,5,11,22,20,83,R_1TZaqQJRDEHy7kG,2
62,Female,,United Kingdom,United Kingdom,Psychologist,2,"The so-called ""climate science"" is a one-party science, in which dissent is not allowed, much like most of ""social sciences.""",,0,14.285714285714286,0,0,0,0,80,30,R_22u8KHZ2jBXPAdg,2
59,Female,,USA,USA,"Professor, Oceanographer",1,,,37.5,39.285714285714285,1,5,5,11,51,62,R_9Ej9h8qq7Fwyka4,2
49,Male,,Australia,Fiji,Adaptation research,1,,,54.166666666666664,64.28571428571429,3,3,10,16,30,85,R_9lfWDUGUMSsT3Ox,2
72,Female,,USA,india,documenting biodiversity change,1,,,33.333333333333336,21.428571428571427,0,0,1,1,61,29,R_30rsRgqGsjaBNWu,2
48,Male,,Australia,Australia,Associate Professor - climate and health,1,,,37.5,21.428571428571427,0,1,6,7,30,30,R_9DpCRngl9iUTGct,2
76,Female,,USA,"Saudi Arabia, Namibia, Netherlands",Animal physiologist,1,,,0,7.142857142857143,2,1,5,8,61,65,R_663B06luepR6cIh,2
48,Female,,Japan,Japan,Forest ecology scientiat,1,,,20.833333333333332,14.285714285714286,0,0,0,0,84,72,R_2b4xyaNU8oFGA7f,2
62,4,,USA,USA,"professor, land use change",1,,,25,39.285714285714285,2,1,6,9,75,60,R_3mOidY4Y14gZIS7,2
58,Female,,Germany,Germany,"Climate modeling, field studies.  Climate physics.",3,,"I'd say yes, but 'presents a threat to the planet' is not sufficiently qualified for my taste.   The planet will be fine.  Humans perhaps not.",16.666666666666668,7.142857142857143,0,1,2,3,29,71,R_2qQWPiyIAKy3qWg,2
64,Male,,New Zealand,New Zealand,"Professor of Marine Science, researching marine geochemistry",1,,,41.666666666666664,42.857142857142854,3,3,3,9,19,81,R_960gn7kOoQybfBn,2
47,Female,,United Kingdom,United Kingdom,ASSOCIATE PROFESSOR - ECOLOGICAL,1,,,75,71.42857142857143,12,8,15,35,10,91,R_8CllRc4SZtrCMdF,2
NA,Female,,USA,"USA, Italy, Peru, Kyrgyzstan, Uganda","anthropologist, adap.tation researcher",1,,,20.833333333333332,10.714285714285714,0,0,4,4,81,70,R_6KEOBdqpEBCKJoZ,2
58,Female,,Netherlands,Netherlands,Moral philosopher - ethics and technology,1,,,37.5,39.285714285714285,6,2,5,13,50,60,R_8DOmz89aBrEkW3M,2
70,Female,,United States,United States,water science,1,,,0,14.285714285714286,0,0,0,0,100,2,R_3rP7Rf6QcdjlRfI,2
60,Female,,USA,USA,Professor--Environmental Sciences,3,,The planet is fine. The threat is to people (some more than others). There is also an effect on other organisms but the concept threat does not really apply.,8.333333333333334,10.714285714285714,1,1,3,5,80,40,R_6k3Q9FrritRg6OJ,2
NA,Female,,USA,USA,Economist,1,,,16.666666666666668,7.142857142857143,0,0,1,1,70,51,R_3FtcwsNi8NNljxW,2
50,Female,,Australia,Australia,Research,1,,,37.5,17.857142857142858,4,1,6,11,65,75,R_9lrR54Xj24IVG6f,2
44,Male,,USA,USA,Paleoecology,1,,,70.83333333333333,53.57142857142857,10,8,12,30,75,60,R_3kQ3RzMMj3IM6MV,2
38,Female,,China,China,Research associate,3,,,83.33333333333333,82.14285714285714,16,14,17,47,49,NA,R_9CCGIFxkbDRnFZs,2
61,Female,,Canada,"Canada, Ecuador, Malaysia, Bangladesh",Research professor - forest carbon proceses and forest restoration,1,,,12.5,17.857142857142858,0,0,1,1,80,60,R_3CckvUJPJRwfy1z,2
42,Male,,Australia,Australia,Ag climate change impacts and adaptation,1,,,50,53.57142857142857,2,1,9,12,40,70,R_4GDmdsJPWJ2Sytb,2
NA,Female,,Canada,Canada,climate scientist,1,,,29.166666666666668,25,1,1,1,3,49,51,R_7EFiowMfbSGOL0S,2
65,Male,,USA,USA,Epidemiologist PI and Professot,1,,,79.16666666666667,60.714285714285715,5,3,9,17,40,90,R_326lV4mxZlspdkA,2
52,Female,,Canada,Canada,marine ecologist,1,,,25,35.714285714285715,1,0,2,3,30,70,R_3ux0r5Z2M3sNlij,2
64,Female,,USA,USA,community and ecosystem ecologist,3,," At least in the Arctic where I work, seems like humans have lit a match and tossed it in a pile of dry tinder. The tinder would likely not have burned without the match and the match itself wasn't much heat itself, but the flame now is big and growing, no matter if we humans continue to light matches and toss them into the flame.",12.5,7.142857142857143,2,1,5,8,71,40,R_3K1WGAQNYcXmlhv,2
46,Male,,México,"Guatemala, El Salvador, Honduras, Nicaragua, Dominican Republic, Costa Rica, Panama, Mexico","Chief, Energy and Natural Resources Unit",1,,,91.66666666666667,92.85714285714286,10,4,7,21,60,100,R_7xlSGym7AQWabp7,2
36,Female,,USA,USA,Social Scientist-Assistant Professor,1,,,54.166666666666664,60.714285714285715,4,1,7,12,70,71,R_5OtYrC5qs2NAE13,2
83,Female,,UK,UK,Sustainability in society,1,,,54.166666666666664,32.142857142857146,2,3,7,12,25,33,R_8IQUP1fGbVLzRb8,2
40,Female,,Australia,Australia,Research Fellow,1,,,45.833333333333336,28.571428571428573,1,0,5,6,20,70,R_92Gag9NPMCDN2jD,2
67,Female,,USA,USA,Researcher and professor,1,,,12.5,7.142857142857143,2,2,0,4,50,50,R_3OW9ZMrct0aaljc,2
40,Female,,France,France,Researcher - marine biology,1,,,45.833333333333336,57.142857142857146,2,3,3,8,80,60,R_2hszJjpZQd70BEM,2
38,Male,,Czechia,Czechia,I work with microbes that consume or produce greenhouse gases,1,,,50,32.142857142857146,5,3,6,14,75,30,R_8k6qdh60lcRcsqB,2
45,Female,,Mexico,Mexico,Full professor--quantitative ecology,1,,,25,17.857142857142858,0,0,0,0,50,20,R_5xxTlWnp9ayMfQP,2
56,Other,,USA,USA,professor of environmental studies,1,,,62.5,64.28571428571429,7,4,8,19,11,100,R_7eqXvTx2y3Qpdtj,2
56,Female,,New Zealand,"New Zealand, UK","Climate physics, climate policy",1,,,37.5,10.714285714285714,1,1,1,3,60,43,R_9WHKHyHAMqD14pr,2
66,Female,,Australia,Australia,Ecosystem ecologist,1,,,83.33333333333333,85.71428571428571,11,6,13,30,6,97,R_93uN3ZbgsZ6IOe5,2
50,Male,,Portugal,"Spain, Brazil, Portugal",Assistant Researcher-marine ecologist/ecophysiologist,1,,,20.833333333333332,32.142857142857146,4,1,11,16,60,80,R_4Pv3aDhtnQLBixv,2
74,Female,,USA,"Brazil, South Africa, Hungary, USA",Climate cghange and emerging infectious disease consultant,3,,But I also believe the IPCC is a major part of the problem of finding effective solutions,16.666666666666668,25,3,0,3,6,50,50,R_6RjSgV8oip4ogT8,2
69,Female,,USA,"USA, Canada, Mexico",retired professor and agency administrator; remaining active both pro bono and part-time paid,3,,"The threat is big and real but I am frustrated by IPCC over-reliance on RCP 8.5, especially when used as a default basis for BAU outcomes",29.166666666666668,21.428571428571427,1,0,2,3,20,21,R_1puK1X45cOYe1dX,2
38,Female,,Malaysia,Malaysia,Research on Aquatic System and Climate Change,1,,,58.333333333333336,28.571428571428573,0,0,0,0,100,10,R_40w3TaItai3kH7L,2
NA,Male,,Italy,Italy,Policy,1,,,37.5,46.42857142857143,5,5,6,16,31,31,R_2fxKqlrVQQ86k7v,2
68,Female,,USA,ISA,climate scientist,1,,,79.16666666666667,57.142857142857146,5,2,10,17,1,99,R_7EnwLSE1QiucuD9,2
73,Female,,Brasil,Brazil,Climate scientist,1,,,20.833333333333332,3.5714285714285716,1,1,2,4,90,95,R_6Tyaive41Va267n,2
44,Female,,China,China,Research professor,1,,,33.333333333333336,10.714285714285714,0,0,0,0,95,0,R_4jPOUgGCP6k6JF1,2
NA,Male,,australia,australia,research scientist,1,,,62.5,42.857142857142854,0,0,9,9,51,71,R_4gOvk9GiSONMTMS,2
72,Female,,Canada,Canada,Professor,2,I am one of the Lead authors of the AR6-WGI report of IPCC (2021),,33.333333333333336,32.142857142857146,5,3,4,12,50,72,R_7vZqlZrWGLlspBD,2
61,Female,,Canada,Canada,Grassland ecology,1,,,75,57.142857142857146,5,1,6,12,40,80,R_7IblOWaVrupszVO,2
69,Female,,Australia,Pacific Islands,climate change adaptation,1,,,25,17.857142857142858,1,2,6,9,70,60,R_9pYIweyVSFmZAhW,2
47,Male,,Australia,Australia,Professor - civil engineer,1,,,41.666666666666664,35.714285714285715,0,2,7,9,50,50,R_4Z7OJzTQHG8XXuV,2
60,Female,,India,India,Professor,1,,,29.166666666666668,21.428571428571427,1,0,2,3,71,71,R_4FUgcBdGvOb6f9D,2
57,Female,,United States,United States,"Professor of Physical Hydrology, Forest Hydrology, Associate Dean and Associate Director",3,,"Yes: Anthropogenic climate change is occurring.

No: I doubt the planet feels or is threatened. 

The Planet has shrugged off many cataclysmic events, many of which were more impactful than humans.",50,50,1,0,4,5,73,67,R_7z51BZ3PiXYsFa1,2
69,Female,,Australia,Australia,"Climate scientist, climate science communication",1,,,20.833333333333332,14.285714285714286,3,1,6,10,50,81,R_4vLuz9AoFQeu9YR,2
70,Female,,Australia,Australia,Professor of Public Health (Hon),1,,,45.833333333333336,32.142857142857146,6,0,1,7,8,50,R_4fxGgur5aRBi3vL,2
36,Female,,China,China,Geologist,1,,,62.5,53.57142857142857,4,4,7,15,71,50,R_4VkkEyXu1VC1hIm,2
50,4,,China,China,Research Professor -- Limnology,1,,,66.66666666666667,67.85714285714286,16,10,13,39,60,60,R_8e3S0Es1QYc3v6I,2
59,Male,,United States,United States,professor of physical oceanography,1,,,12.5,10.714285714285714,2,0,0,2,40,82,R_6mrfVMEUSMYUVAb,2
81,Female,,Argentina,Argentina,"Atmospheric, solar radiation and sustainability researcher",1,,,29.166666666666668,21.428571428571427,0,5,5,10,85,71,R_7C2eFZ5wU5LITUR,2
54,Female,,Australia,Australia,Climate adaptation,1,,,29.166666666666668,42.857142857142854,1,1,1,3,40,80,R_493XPuo3h00tLjy,2
51,Female,,中国,中国, atmospheric scientist,1,,,25,28.571428571428573,3,5,3,11,20,60,R_4pydYgF3c1sos70,2
56,Female,,China,China,research associate--greenhouse gases emission modeling,1,,,33.333333333333336,32.142857142857146,5,0,4,9,72,29,R_91BOVjBgjbcd3w6,2
50,Male,,australia,australia,"social science research, climate change impacts, risks, disasters, adaptation",1,,,95.83333333333333,82.14285714285714,15,8,14,37,10,90,R_9f6EeahqEaTto3f,2
49,Male,,Australia,Australia,Health Equity Researcher,1,,,62.5,67.85714285714286,4,2,9,15,30,NA,R_9OPVV0t8soiSvBs,2
70,Female,,USA,USA,professor of plant ecology,1,,,20.833333333333332,14.285714285714286,1,1,1,3,81,30,R_6noqFR6eZsnv65b,2
70,Female,,USA,USA,paleoclimatologist,3,,"I agree with the IPCC findings that anthropogenic climate change is occurring and that it threatens human life, wellness and infrastructure as well as most ecosystems. I do not think it threatens the planet Earth in the geological sense.",25,25,2,4,6,12,75,81,R_114HCEBpIrAbVPH,2
53,Female,,Zambia,Southern Africa,"Carbon and biomass modeling, ecosystem restoration",1,,,37.5,14.285714285714286,0,1,0,1,71,21,R_2pRdUoweO7QDBGF,2
42,Male,,USA,USA,Research (PI) - agroecology and climate change (social and field science),1,,,83.33333333333333,75,10,10,12,32,19,92,R_3DjQqK05MooUCHe,2
55,4,,usa,"many countries- across Latin America  , Caribbean , sE Asia , west africa","multi- level governance,  agency,  Directir",3,,they are too soft and excessively tempered,37.5,14.285714285714286,1,2,2,5,95,28,R_6ouvGZU0CbVEvht,2
70,Female,,Australia,Australia,Nature and mental health. Retired emeritus prof,1,,,66.66666666666667,32.142857142857146,1,5,4,10,10,80,R_4C27AV6h3My2ZiI,2
48,Male,,United States,United States,Professor- evolutionary responses to climate chsnge,1,,,100,57.142857142857146,4,4,11,19,29,100,R_32flOcRvelPCSOK,2
58,Female,,India,India,Crop genetics and breeding,1,,,75,78.57142857142857,7,4,13,24,29,70,R_4wKwx5ztXoADvW4,2
47,Female,,Japan,Japan,professor - human ecology and global health in Oceania,1,,,33.333333333333336,35.714285714285715,4,4,6,14,50,30,R_4nDVlWBEHb9NnfH,2
60,Female,,United States,United States,Professor,1,,,4.166666666666667,32.142857142857146,0,0,0,0,31,29,R_7ozMRzLE8OiTzAC,2
43,Male,,USA,USA,Ecologist,1,,,29.166666666666668,21.428571428571427,1,6,8,15,24,84,R_3bHh7NTgjbrjYWt,2
56,Female,,Israel,Israel,Researcher,1,,,50,50,4,1,6,11,20,81,R_4JauObzcHuNiUdB,2
75,Female,,Australia,Global,marine biologist studying evolution of taxa and taxonomy,2,"There is of course an impact of humanity on the ecosystem, but this is much smaller than IPCC believes. The IPCC ignores the effect of water in the atmosphere, which contributes greatly to global temperature change. As a palaeobiologist, I am very aware of past levels of carbon dioxide in the atmosphere. It has been orders of magnitude higher (e.g. in the PETM) than now, and there was not total ""die off"" at that time. Indeed, there was extensive greening during the PETM - a phenomenon that we are also experiencing now! Humans do impact the environment deleteriously (e.g. with serious chemical pollutants and microplastics) but unfortunately the pre-occupation with carbon dioxide has obscured this somewhat.",,16.666666666666668,28.571428571428573,0,1,1,2,61,71,R_9Vu2skpZbQgTBsJ,2
54,Female,,United States,United States,Professor in engineering who studies global warming potentials of compounds and does life cycle assessment,1,,,12.5,3.5714285714285716,4,0,3,7,20,81,R_3tOns28odicOxwt,2
42,Male,,Indonesia,Indonesia,Researcher - oceanography,1,,,29.166666666666668,32.142857142857146,1,0,0,1,75,60,R_49FzlzqLpe6TZAZ,2
46,Male,,US,US,professor-- biological impacts of climate change,1,,,29.166666666666668,25,0,0,2,2,40,71,R_7futERj8UEP7SjD,2
42,4,,USA,USA,"Professor, atmospheric science",1,,,20.833333333333332,10.714285714285714,1,0,0,1,85,15,R_7iI8fDjVUTTm8qx,2
38,Male,,USA,"USA, Botswana","assistant professor, ecologist",1,,,75,75,0,0,5,5,30,100,R_1fCNNeUIOiABzXH,2
72,Female,,United Kingdom,United Kingdom,Professor and Director,1,,,25,17.857142857142858,0,0,1,1,70,30,R_2E76OpQfkwbfLLM,2
69,Male,,USA,"USA , but a bit in 100 additional countries",environmental sustainability and climate education in medical practice,1,,,4.166666666666667,21.428571428571427,0,0,1,1,30,76,R_3ET5cNkDhBbI5ed,2
48,Male,,South Africa,South Africa,Academic - psychology,1,,,20.833333333333332,42.857142857142854,0,0,5,5,70,51,R_8O9au9Z4uEgZnaN,2
48,Male,,New Zealand,New Zealand,Professor - adaptation to climate change,1,,,45.833333333333336,42.857142857142854,4,1,5,10,20,72,R_407TxLeYiumBaTN,2
46,Female,,Unites States,United States,Associate professor - Economics,1,,,25,28.571428571428573,6,2,7,15,50,50,R_6aIQOhT8OGgCxNv,2
42,Female,,Paksitan,"Pakistan, China, Norway",Atmospheric Scientist,1,,,50,57.142857142857146,6,5,6,17,NA,100,R_4HCCcO6sjBsBAsv,2
33,Female,,India,Global,Global change biologist,1,,,91.66666666666667,67.85714285714286,17,16,7,40,30,90,R_9xDUqu38GesbLR2,2
39,Male,,United States,"Brazil, Kenya, Mongolia, Israel/Palestine",Assistant Professor; infectious disease epidemiology,1,,,50,42.857142857142854,1,4,7,12,40,72,R_6sMGYhCPlOYT6c9,2
44,Female,,India,India,"Teaching, Research",1,,,58.333333333333336,50,10,10,7,27,61,41,R_4zGCHMshzL30LqQ,2
46,Male,,Spain,"Soain, France, England",Associate Professor Botanist,1,,,66.66666666666667,57.142857142857146,7,6,10,23,82,78,R_8dE6usWMGB8kAjR,2
48,Female,,Saudi Arabia,Saudi Arabia,Coral reef ecologist,1,,,45.833333333333336,35.714285714285715,0,2,1,3,29,71,R_9F4ncKpoFnKGiKR,2
53,Female,,bangladesh,Bangladesh,"Research on climate change and health, perception on climate change",1,,,41.666666666666664,32.142857142857146,0,0,2,2,81,50,R_9TY2ZKL0W5RKNYz,2
44,Male,,German,Germany,Soil ecology,1,,,58.333333333333336,46.42857142857143,7,1,7,15,60,73,R_22RE4f0S8wQuaAF,2
60,Male,,Germany,Denmark,human medicin,1,,,37.5,50,3,5,4,12,21,96,R_8jSuewSNEbNoPtv,2
52,Female,,Spain,"Spain, Portugal, Brasil, Europe, Global",Biodiversity research,1,,,33.333333333333336,25,0,0,3,3,50,80,R_2dW9nH8lzJv0sSQ,2
47,Male,,Pakistan,Pakistan,Climate-related Disclosure research studies,2,,,66.66666666666667,57.142857142857146,10,8,9,27,40,40,R_9CTbufMwrlikqDg,2
45,Male,,South Africa,"Kenya, Ghana, Eswatini",Environmental Epidemiologist / Preventive and Social Medicine,3,,Proving this is 100% the case is difficult,79.16666666666667,42.857142857142854,5,1,7,13,60,60,R_9Oq9170KV1vfYpl,2
58,Female,,Qatar,Qatar,"research professor, climate change ecology/vulnerability",1,,,25,10.714285714285714,2,0,2,4,29,40,R_9P0RD34opMy8xhP,2
55,Female,,Italy,Italy,Scientific officer in climate and air quality,1,,,33.333333333333336,21.428571428571427,3,1,4,8,70,30,R_82K2dXMsO1SCReJ,2
68,Female,,Spain,Spain,research in paleoclimate and pollution,1,,,25,39.285714285714285,0,0,3,3,49,50,R_2v1bqkLUlpLj8dm,2
59,Female,,Switzerland,Switzerland,professor -- climate policy,1,,,41.666666666666664,39.285714285714285,1,2,5,8,60,50,R_2lKAZ18GftJqPrc,2
NA,Female,,Ethiopia,Ethiopia,Researcher in the field of climate change,1,,,58.333333333333336,32.142857142857146,1,3,3,7,85,50,R_8WBjYGHGKOwP9zj,2
56,Male,,Spain,EU,Research,1,,,33.333333333333336,39.285714285714285,5,1,5,11,50,50,R_8lBFJH9PIm3g3JL,2
27,Female,,Norway,Norway,clmate researcher - modeller (machine learning),1,,,62.5,67.85714285714286,9,2,10,21,30,80,R_87TBzX6xqLBMvQa,2
48,Male,,France,France,senior scientist- atmospheric chemist,1,,,58.333333333333336,50,13,3,12,28,11,85,R_8OUMOUxajRKJtgq,2
39,Male,,France,France,assistant professor-ecology,1,,,20.833333333333332,28.571428571428573,0,0,0,0,50,50,R_2CWGangcB2Xq3i8,2
61,Female,,Sweden,Sweden,"Professor, climate mitigation",1,,,25,21.428571428571427,4,1,2,7,80,80,R_8uJBDq9e7IjOHgB,2
56,Female,,France,France,Climate modeler,1,,,20.833333333333332,39.285714285714285,2,0,0,2,25,81,R_2MvqKcMNSZsvq01,2
48,Male,,italy,italy,environmental epidemiologist researcher,1,,,37.5,46.42857142857143,0,2,8,10,82,40,R_2D0qCDLTURs6azt,2
NA,Other,Danny,uk,uk,prof,2,"You describe the findings strangely - this is a threat to people and other very recent species - the planet has warmed greatly before.

As far as i know the IPCC do say this is a threat to the planet (that makes it sound as if the rocks will melt!) - I don't recognise this as IPCC wording.

It is a threat to other species, as well as the humans, and has accelerated extinctions - but it is not a threat to earth as a whole. It is a threat to a way of life that cannot carry on.",,100,85.71428571428571,21,21,21,63,100,0,R_2oI0kgGmX4k7Tb6,2
42,Male,,Türkiye,Türkiye,"I am an academic specializing in urban planning and landscape architecture, with a focus on sustainable urban regeneration, climate adaptation, and nature-based solutions. My research involves urban heat island mitigation, community-led climate adaptation strategies, and digital twin applications for sustainable industrial zones. I also work on GIS-based spatial analysis and environmental planning, integrating data-driven approaches to enhance urban resilience.",1,,,70.83333333333333,60.714285714285715,0,0,1,1,25,80,R_2HjnryH0AYzF86H,2
57,Female,,France,France,climate scientist,1,,,45.833333333333336,53.57142857142857,5,4,10,19,10,90,R_2H7Wcy4jHimi3Id,2
35,Male,,Germany,Germany,Psychologist,1,,,33.333333333333336,7.142857142857143,0,1,5,6,60,50,R_22sLUOTc4eq2U4s,2
70,Female,,Australia,"Australia, Ireland, Europe, US, Canada",Professor in improving health systems,1,,,37.5,42.857142857142854,1,1,6,8,30,79,R_2jUNKqi0JBI9ozs,2
45,Male,,United Kingdom,globally,research on adaptation,1,,,41.666666666666664,32.142857142857146,0,0,2,2,65,40,R_2mq0BjD2bwmn42a,2
48,Female,,Ireland,Ireland,professor climate change,1,,,54.166666666666664,60.714285714285715,5,5,6,16,29,91,R_21gUnm5HSOMnntw,2
33,Male,,Germany,"South Asian countries, China, Europe and African countries",Environmental economist,1,,,45.833333333333336,0,4,5,7,16,81,34,R_20sUfzIJrEcyPjX,2
35,Male,,Austria,Austria,"post-doc, aquatic biogeochemist",1,,,66.66666666666667,85.71428571428571,7,1,11,19,71,27,R_2jf85c8r31SSr9w,2
46,Male,,UK,UK,Climate and health researcher,1,,,58.333333333333336,53.57142857142857,1,4,13,18,60,59,R_29sT4LgxfaGBv8O,2
39,Female,,United Kingdom,"United Kingdom, sub-Saharan Africa & Global",Professor of Sustainability - mostly work on climate-induced tipping points,1,,,37.5,50,0,2,3,5,9,92,R_2nNPc7ClNk7uURk,2
70,Male,,Denmark,Denmark,professor - Earth system science,1,,,29.166666666666668,21.428571428571427,0,0,2,2,90,71,R_28qf1yLPsz86BLH,2
45,Male,,france,france,senior scientist - aquatic microbial ecotoxicology,1,,,79.16666666666667,67.85714285714286,6,5,12,23,30,92,R_8GD2RHd0Z6iSAMf,2
47,Female,,UK,"UK, Tanzania",ecology,1,,,45.833333333333336,42.857142857142854,1,0,0,1,56,68,R_8QXSqcXemepivH5,2
40,Female,,Belgium,Belgium,Research Professor -- Psychologist,1,,,95.83333333333333,100,13,5,12,30,9,100,R_8uvnrRtedDXkV9N,2
61,Female,,Australia,Australia,Sustainability Scientist,1,,,33.333333333333336,25,5,0,4,9,55,85,R_4FrYjJH8qqnsu9r,2
74,Female,,Italy,Italy,Atmospheric scientist,1,,,4.166666666666667,7.142857142857143,1,0,2,3,80,40,R_2GCzILk36WPXvY3,2
64,Female,,UK,UK,Research,1,,,12.5,0,1,1,2,4,19,20,R_8zei1T7ksE5P40l,2
42,Male,,The Netherlands,"South Africa, The Netherlands",Climate Adaptation Policy & Planning - Senior Researcher,1,,,37.5,21.428571428571427,1,3,4,8,50,100,R_8qprz0CAEXYa28e,2
55,Male,,Luxembourg,EU and Low and Middle Income Countries,"Climate finance, tracking of financial flows",1,,,66.66666666666667,57.142857142857146,1,2,2,5,10,95,R_2Nm0DALdFFk5LWh,2
51,Female,,Germany,Germany,"climate modelling, meteorology",1,,,0,7.142857142857143,1,0,1,2,75,20,R_2DhujIsl44DDBnP,2
51,Female,,Italy,Italy,sociologist,1,,,12.5,17.857142857142858,0,0,3,3,50,50,R_8mXDYkXjKNemQic,2
49,Female,,Spain,"Spain, Madagascar",biodiversity,1,,,29.166666666666668,25,1,0,4,5,71,61,R_8Kw2OM9rw3746Rb,2
58,Male,,Canada,Canada,sociologist,1,,,62.5,60.714285714285715,8,0,2,10,30,30,R_21KLPvAbAESY6TD,2
55,Female,,NIGERIA,NIGERIA,FAMILY PHYSICIAN/ RESEARCHER,1,,,20.833333333333332,14.285714285714286,0,0,0,0,90,60,R_81I74dVScZn10UV,2
49,Female,,germany,germany,senior scientist--oceanographer/decadal ocean change,1,,,20.833333333333332,21.428571428571427,0,2,2,4,43,36,R_2dnJcaZJZCrS9dn,2
55,Female,,Germany,"Germany, Sweden",Researcher and policy adviser,1,,,50,57.142857142857146,8,2,7,17,40,70,R_8UgEW4WhLpBhdqi,2
74,Female,,United Kingdom,"Malaysia (Sabah, Malaysian Borneo), United Kingdom, Portugal","Research Project Leader/Scientist - hydrology, soil and river erosion,  rainfall changes",1,,,16.666666666666668,17.857142857142858,0,0,3,3,81,19,R_2PvYIFtg7u8Ksf5,2
42,Male,,USA,USA,Scientific Director (health services research),1,,,66.66666666666667,96.42857142857143,1,6,6,13,50,100,R_3QASgp0f9tVw40k,2
33,Other,gay man,australia,australia/ philippines,postdoctoral researcher,1,,,16.666666666666668,39.285714285714285,7,4,5,16,91,60,R_4ijLNWqfoyo6gic,2
69,Female,,Netherlands,Netherlands,professor emeritus (professionally active),1,,,12.5,10.714285714285714,1,1,4,6,70,80,R_2eyEM8118hY3Z02,2
53,Female,,Italy,EU,research- climate risk assessment,1,,,25,7.142857142857143,1,0,2,3,40,40,R_2dDU3g7wezFG6SM,2
68,Female,,UK,UK,Mitigation and policy,1,,,16.666666666666668,21.428571428571427,1,0,4,5,80,50,R_8qfb9E7V3xcXkdc,2
41,Female,,China,China,Research Fellow,1,,,8.333333333333334,25,1,4,3,8,50,69,R_7NyUqQtwfcMYVcA,2
66,Female,,Denmark,Denmark,professor specialised in climate physics,1,,,16.666666666666668,3.5714285714285716,1,0,4,5,50,20,R_2R9p0uOp5ftVltD,2
53,Female,,United Kingdom,United Kingdom,Researcher - marine ecosystem response to climate change,1,,,37.5,32.142857142857146,4,0,6,10,80,29,R_2Emdw7HUy9Eko2j,2
36,Female,,Hungary,Hungary,research fellow,2,I know some aspects but do not familiar with IPCC's entire plan.,,12.5,14.285714285714286,0,1,5,6,84,64,R_832UWnY381K1VIF,2
64,Female,,UK,UK,Academic. Ancient climate change.,1,,,20.833333333333332,32.142857142857146,2,4,4,10,40,91,R_88J8UjgpyLZGJdV,2
65,Female,,Brazil,Brazil,Professor of Plant Physiology,1,,,8.333333333333334,10.714285714285714,0,0,5,5,81,70,R_6tKYP8juKjTys59,2
51,Female,,Sweden,Sweden,"Reseracher, remote sensing of vegetation responses to climate change",1,,,20.833333333333332,3.5714285714285716,0,0,0,0,80,20,R_2fYI0yke7xiEvay,2
53,Female,,Canada,"Canada, United Kingdom",Biodiversity researcher,1,,,91.66666666666667,89.28571428571429,13,12,15,40,20,90,R_3FzUthtVbNxJ71m,2
49,Other,woman,US,US,climate and health researcher,1,,,54.166666666666664,67.85714285714286,4,6,7,17,50,50,R_7fOTuDVlqbttrPz,2
54,Female,,singapore,singapore,director,1,,,70.83333333333333,67.85714285714286,7,7,10,24,29,73,R_45ybvXRE35yZwIh,2
44,Male,,Canada,Canada,Professor - climate change governance,1,,,45.833333333333336,53.57142857142857,4,6,12,22,60,90,R_7qgsV1x3Ia4cX0Q,2
65,Female,,Germany,"Germany, Australia",climate and weather scientist,1,,,25,14.285714285714286,1,1,4,6,30,70,R_2ilrlm4cIlIdLf9,2
73,Female,,USA,USA,physiological effects on animals caused by climate change,3,,Anthropogenic climate change is superimposed on what is apparently a natural cycle of planet warming.  We should focus on mitigation rather than blame.,20.833333333333332,10.714285714285714,0,0,3,3,65,40,R_3gNDCpixsin39zi,2
49,Female,,Cyprus,Cyprus,Climate modeler,1,,,58.333333333333336,32.142857142857146,1,1,5,7,50,50,R_2kLEXGUPWQOdPrK,2
45,Male,,Colombia,Colombia,Professor,1,,,62.5,57.142857142857146,1,1,4,6,60,60,R_7YRnhIsp2n3hjrl,2
55,Female,,Ghana,Ghana,Lecturer and Researcher,1,,,20.833333333333332,25,1,0,1,2,92,2,R_2oXz0iowBXwsG5M,2
62,Other,male,USA,USA,bioethicist,1,,,20.833333333333332,46.42857142857143,0,1,7,8,60,40,R_5Bz0tWLlFTVXSwN,2
67,Female,,Kenya,Kenya,Medical  biologist,1,,,33.333333333333336,53.57142857142857,0,0,4,4,56,71,R_2oF86mz3p3wM4x7,2
45,Female,,uk,"UK, US, Ireland","research- climate chnage impacts unpon certain species (past, current, future)",1,,,58.333333333333336,64.28571428571429,2,9,19,30,16,95,R_2RRhcfvX1J5tW1C,2
40,Male,,Norway,Norway,"Associate Professor, comparative physiology, conservation physiology",1,,,50,46.42857142857143,2,3,8,13,60,40,R_8gOygpvDCbAOiBB,2
69,Female,,Sweden,Sweden,Forest soil chemistry related to nutrient status and acidification,1,,,25,10.714285714285714,3,1,5,9,60,70,R_2Mg8LxkVIkfSXcA,2
58,Female,,USA,USA,"biogeochemist, carbon cycling",1,,,29.166666666666668,14.285714285714286,2,1,2,5,70,40,R_1ceFqwBFZfhtaql,2
67,Female,,USA,USA,Research faculty--forest fire and wind disturbance and invasive species in the context of climate change,1,,,29.166666666666668,32.142857142857146,3,4,3,10,80,70,R_5eFObHpZMS1qAbL,2
76,Female,,Scotland,UK,researcher on regulation and ethics of energy and climate impacts on workers and environment,1,,,20.833333333333332,32.142857142857146,3,1,3,7,49,71,R_2jNf3nU2fZI6UVZ,2
64,Male,,France,Switzerland,scientist,3,,"Climate change is occurring, but the anthropogenic causes are less clear.",33.333333333333336,60.714285714285715,1,0,4,5,80,40,R_2OO42iOeRR0h0lP,2
75,Female,,United States,United States,Human ecologist and environmental sociologist,1,,,29.166666666666668,25,5,0,6,11,44,80,R_6mFdUHbKR199hCd,2
65,Male,,France,Mexico,"Senior research, water",1,,,8.333333333333334,14.285714285714286,0,0,4,4,70,84,R_8GxoO6e7TsioX16,2
52,Other,non-binary,Canada,Canada,soils and peatlands,1,,,75,96.42857142857143,14,14,19,47,19,90,R_3ou0WZ12sAZsV9x,2
58,Female,,USA,USA,University Professor,1,,,29.166666666666668,28.571428571428573,2,0,3,5,61,50,R_7COSmN2jwszaAWl,2
64,Female,,Canada,Canada,Research scientist in infectious diseases,1,,,25,32.142857142857146,5,2,6,13,50,51,R_7XXFE7r4OmhxudH,2
43,Female,,USA,USA,climate change economist,1,,,37.5,42.857142857142854,3,1,7,11,40,60,R_3anqu472GwqdMTz,2
68,Female,,Uruguay,Uruguay,University Professor and Research Associate,1,,,20.833333333333332,17.857142857142858,1,0,4,5,64,61,R_6f3dD9u8CUCLyJM,2
60,Male,,USA,USA,aquatic ecosystems; climate change vulnerability and adaptation,1,,,45.833333333333336,57.142857142857146,4,1,9,14,60,90,R_7iHqaLshO19MjdL,2
47,Male,,USA,USA,statistician/modeler for conservation/global change research,1,,,62.5,60.714285714285715,2,6,12,20,51,80,R_30eQXWFO6HXOt7H,2
79,Female,,USA,USA,Climate Scientist with Public Health,1,,,0,14.285714285714286,0,0,0,0,100,38,R_5CVMX6V0TnlYvT9,2
51,Female,,United States,United States,PLant ecology and fire ecology,1,,,29.166666666666668,39.285714285714285,1,0,5,6,50,91,R_74B7IxzRuShRhzH,2
38,Female,,UK,UK,Academic researcher  in Climate impacts,1,,,25,32.142857142857146,2,0,2,4,50,25,R_2fpocJEj0wuBzrI,2
42,Female,,Italy,Italy,Associate professor - Forest ecologist,1,,,25,35.714285714285715,0,0,1,1,40,85,R_8JMP3WtsXZU8HHr,2
45,Female,,Tanzania,Tanzania,"Climate change scientist - science, vulnerability/risk/impacts analysis, adaptation and mitigation options",1,,,29.166666666666668,42.857142857142854,2,2,3,7,100,0,R_2cpagc94ysncPpk,2
35,Male,,South Africa,South Africa,Biometeorologist; univeristy professor,1,,,58.333333333333336,50,0,7,5,12,46,40,R_2qe8GGcXaMJvchy,2
84,Other,,United States,United States,forest impact modeling,1,,,58.333333333333336,14.285714285714286,8,1,5,14,3,3,R_3mLtSCGLlaZ2uQx,2
43,Female,,USA,USA,"Distinguished professor — sea level change, climate economics, climate adaptation",1,,,50,46.42857142857143,4,1,13,18,31,90,R_3gSWH7Zj0bpJPNc,2
66,Female,,USA,USA,Family Physician,1,,,33.333333333333336,28.571428571428573,1,0,1,2,47,75,R_7E9NIIlHEEzq8eK,2
43,Female,,USA,USA,professor - energy and sustinability,1,,,33.333333333333336,21.428571428571427,2,3,1,6,NA,100,R_6z6c49yVenbLgBS,2
NA,Female,,usa,usa,scientist,1,,,29.166666666666668,32.142857142857146,0,2,7,9,72,63,R_5nvlT9hVvKVwrmS,2
67,Female,,USA,USA,Physician,1,,,25,32.142857142857146,2,0,2,4,75,70,R_18MWmCMWr8tEwUh,2
72,Female,,United States,United States,"Insect responses to climate change and disturbances, and effects on ecosystem primary production, nutrient cycling, herbivory and decomposition",1,,,33.333333333333336,17.857142857142858,0,0,1,1,48,49,R_5gIJkprFsstPAw9,2
NA,Female,,USA,USA/Canada,Endangered species conservation,1,,,50,60.714285714285715,9,2,11,22,35,90,R_6Q5VENgaJFxP327,2
42,Male,,USA,USA,federal disease epidemiologist and wildlife veterinarian,1,,,79.16666666666667,85.71428571428571,5,0,8,13,3,100,R_7oJf7fmE45gesG5,2
38,Female,,Canada,Canada,research scientist - forest modelling,1,,,50,42.857142857142854,5,3,4,12,42,76,R_1GqvBpFuflwV8FA,2
60,Female,,South Africa,"South Africa, Southern Africa, Africa","Research Chair -- Climate Impacts Modelling, Attribution and Adaptation Trials",3,,"I totally agree with IPCC's assessments of human contribution to climate change, and the assessment of current and potential future impacts.  I am not sure that climate change is a ""threat to the planet"" - the planet will be here long after humans are gone, and long after this current, human-driven mass extinction event.  Maybe it is better to say, climate change is threat to the planetary conditions we live in today.",29.166666666666668,39.285714285714285,3,0,3,6,19,19,R_45MbS5IBqZTfcDs,2
33,Male,,USA,Brazil,impacts on natural and human systems,1,,,20.833333333333332,7.142857142857143,1,2,5,8,50,75,R_6OAx0WhFBRMvot3,2
65,4,,Germany,Germany,climate impact research,1,,,45.833333333333336,28.571428571428573,1,1,3,5,76,81,R_27Ej1Nvsgd6OJMd,2
NA,Female,,Canada,Canada,Public health physician working on the health implications of climate change - mainly public and professional education and NGO advocacy,1,,,0,0,0,0,0,0,30,29,R_59p5eg9qLPshH5x,2
48,Female,,USA,USA,Ecologist- professor,1,,,33.333333333333336,25,2,1,7,10,20,91,R_78AJhrYz2CKBP4V,2
56,Male,,Poland,Poland,researcher,1,,,54.166666666666664,32.142857142857146,0,5,3,8,50,62,R_8O4JS2fMac7bmWl,2
47,Male,,Nigeria,Nigeria,Agricultural Economist,1,,,70.83333333333333,71.42857142857143,4,3,7,14,40,NA,R_2HieUewGG0u0EgS,2
34,Male,,United States of America,United States of America,"research scientist - climate change and ecology, research administrator - facilitating access for researchers to public lands and field stations",1,,,54.166666666666664,50,6,2,6,14,60,80,R_6kKReADHxavbKB6,2
61,Female,,United States,United States,Climate and health,1,,,29.166666666666668,32.142857142857146,0,0,5,5,71,80,R_1IufMmMxJlSF46N,2
46,Female,,UK,UK,Associate Professor in Climate Science working primarily on sea level rise,1,,,50,57.142857142857146,5,1,10,16,60,70,R_2BwZY5Z6gECOXLO,2
38,Male,,United States,"United States, Uganda, Thailand, Panama","Assistant Professor, environmental science",1,,,37.5,50,0,2,4,6,75,40,R_3HXfxhUfY015Z4K,2
56,Female,,USA,USA,"Full Professor and Director, new low-footprint sustainable materials",1,,,54.166666666666664,53.57142857142857,1,0,1,2,50,50,R_36g1UB6VTvOfsn4,2
51,Female,,USA,USA,climate scientist,1,,,87.5,82.14285714285714,7,9,11,27,25,82,R_3RmjPMeCGtT0O65,2
75,Female,,USA,USA,Fire scientist,1,,,33.333333333333336,39.285714285714285,4,0,9,13,50,50,R_3pfJYTdzkQG3ZMQ,2
72,Female,,United States,"United States, Venezuela",principal investigator -- animal ecology,1,,,33.333333333333336,14.285714285714286,5,0,3,8,25,100,R_50qnpSgtxg0knBg,2
44,Male,,United States,United States,professor - research past climates and biodiversity responses,1,,,66.66666666666667,60.714285714285715,5,5,8,18,70,70,R_7dgvDGP2hg92wNO,2
37,Female,,Estonia,Estonia,Researcher - peatland ecology and climate change,3,,"As I am an ecologist, researching the results in ecosystem caused by climate change, I am not an expert in this issue. However, after what I've read and heard from climatologists, the current change is a mixture of natural and anthropogenic origin.",50,50,5,3,6,14,61,46,R_8lO5exF0LI8rdip,2
50,Female,,Zimbabwe,Zimbabwe,Senior Lecturer-Species distribution modeling,1,,,75,71.42857142857143,5,7,8,20,30,70,R_2oF68YDhovyu31C,2
NA,Male,,United States,"United States, Mexico",Professor of Geography,1,,,50,50,9,1,9,19,40,81,R_8gRCEj8dpouoP9Y,2
48,Female,,United States,United States,"I study climate change and human migration, I teach climate justice. More broadly, I think about climate change adaptation, political ecology, social ecological systems, and Indigenous knowledge",1,,,37.5,53.57142857142857,1,0,4,5,50,10,R_7DswBIJnJANvwE9,2
60,Female,,United Kingdom,"Ethiopia, Uganda, Sierra Leone",Agroclimatology; CC projection modelling for crop species,1,,,16.666666666666668,35.714285714285715,4,3,12,19,55,95,R_29i9pK6JrGFWKrt,2
48,Male,,Canada,Canada,research scientist - climate change biology,1,,,50,53.57142857142857,4,1,4,9,50,50,R_3rIXWO85oFs4bPb,2
48,Male,,USA,USA,social science,1,,,33.333333333333336,32.142857142857146,0,1,11,12,27,90,R_5wjcoyvjPoClOIF,2
71,Female,,usa,usa,"Professor of applied economics, environmental economics researcher",1,,,12.5,10.714285714285714,0,0,2,2,61,38,R_19wYdcCLFBHyQkF,2
57,Female,,USA,USA,Climate change ecology,1,,,37.5,42.857142857142854,3,1,8,12,50,NA,R_1KrnU8bMM34OINU,2
47,Male,,Mexico,Mexico,Researcher (cliamate modelling with focus on extreme events of rain and heatwaves),1,,,37.5,46.42857142857143,13,11,17,41,49,100,R_12spgYom9CAn63r,2
45,Female,,United States,United States,"alternative futures, scenario development, stakeholder-engagement for climate change planning",1,,,91.66666666666667,67.85714285714286,4,4,17,25,65,60,R_5qeNjn8gbKbNn9H,2
46,Female,,Panama,Panama,Research scientist--forest physiology,1,,,66.66666666666667,57.142857142857146,8,0,8,16,25,80,R_73debKg0L8QDAtP,2
55,Male,,USA,USA,associate professor - paleoecology,1,,,41.666666666666664,50,4,0,5,9,60,91,R_5UVcqMkhOttBdGF,2
70,Male,,United States,United States,research ecologist - ecosystem ecology,1,,,62.5,39.285714285714285,6,8,15,29,10,95,R_61bHXjmznmIOOtJ,2
84,Female,,United States,United States,"physiological ecology, primarily of marine systems",1,,,50,46.42857142857143,6,0,11,17,20,100,R_6QEIJxr87ScU9pD,2
69,Male,,Canada,Canada,"climate justice social scientist, professor",1,,,50,53.57142857142857,5,2,6,13,61,82,R_71SO2LXQrSL7LXL,2
32,Male,,Australia,Australia,Research scientist - Temperate marine ecosystems,1,,,75,64.28571428571429,8,8,10,26,20,100,R_4oFIBUsiihWiQNO,2
55,Male,,USA,USA,Professor of Oceanography,1,,,41.666666666666664,25,1,1,7,9,30,71,R_37p1GOsJPRUCvgS,2
64,Male,,United States,United States,psychological researcher,1,,,37.5,32.142857142857146,4,0,1,5,45,91,R_1NIGoLAMf01zoCB,2
45,Female,,China,China,forest carbon,1,,,29.166666666666668,32.142857142857146,4,3,4,11,81,49,R_9kMsR3Cr2Vjkj3k,2
NA,Female,,Australia,Australia,,1,,,16.666666666666668,3.5714285714285716,0,0,0,0,83,NA,R_9dJZe0ctzVzF3Mw,2
47,Male,,USA,USA,Professor and researcher- climate change impacts on plant communities/ ecosystems,1,,,33.333333333333336,39.285714285714285,3,0,3,6,40,82,R_6H60CstpmQ6Vks8,2
NA,Male,,switzerland,switzerland,"senior scientist,  ecophysiology",1,,,16.666666666666668,10.714285714285714,0,3,2,5,37,NA,R_2IrNQ14amO1TlUv,2
58,Female,,Finland,United States,paleontologist,1,,,54.166666666666664,32.142857142857146,6,6,15,27,40,92,R_8wcB4msUHb7zN99,2
66,Female,,Usa,Usa,Professor and center director,1,,,54.166666666666664,50,1,1,7,9,50,100,R_5PinBlg0kpBkTQQ,2
NA,4,,Portugal,Portugal,"Climate-weather scientistist, geographer",1,,,54.166666666666664,50,7,7,7,21,44,48,R_81bwRjkhlJrGSYu,2
56,Female,,Chile,Chile,marine ecologist,1,,,41.666666666666664,17.857142857142858,4,1,7,12,30,91,R_5pnAlUPGPI7NZk1,2
NA,4,,USA,USA,"geochemistry, water resources, environmental reconstructions",1,,,62.5,53.57142857142857,9,8,9,26,20,100,R_5Ra0IzAS033jjj1,2
51,Male,,Canada,Canada,social science,1,,,20.833333333333332,21.428571428571427,2,0,4,6,25,81,R_6YArH4BhFBRn8GQ,2
42,Female,,Norway,Norway,Associate Professor - ecosystem ecology,1,,,41.666666666666664,60.714285714285715,9,1,5,15,60,90,R_2mMxqR7UqZiQQCJ,2
44,Female,,UK,UK,Social scientist - public perceptions,1,,,45.833333333333336,35.714285714285715,7,0,9,16,20,80,R_2RjPBP7zlDBVO0V,2
40,Female,,Ukraine,Ukraine,Environmental / climate consultancy,1,,,50,42.857142857142854,1,0,4,5,62,40,R_2xJl6zYudlKMo5S,2
47,Female,,Chile,Chile,Theoretical ecologist,1,,,62.5,39.285714285714285,6,1,4,11,71,49,R_3BhAn520js74QZq,2
50,Female,,Italy,Italy,Environmental chemist,1,,,8.333333333333334,14.285714285714286,1,1,1,3,50,29,R_8cor78B6udI2kzE,2
43,Female,,México,México,profesor and research--ecology biologist,1,,,12.5,17.857142857142858,4,3,3,10,91,40,R_5kqN6puL8jcIbRf,2
80,Female,,France,"France, Africa, Canada, Antarctica",human sleep physiologist,3,,"Regarding human sleep, I recently published that it is highly susceptible to adapt to a wide range of ambient temperatures",16.666666666666668,10.714285714285714,2,1,4,7,86,19,R_8GO1VJ3kNXSDwbm,2
60,Male,,United Kingdom,United Kingdom,"Professor, climate change",1,,,62.5,57.142857142857146,10,0,2,12,40,91,R_2aWvjvARDyCbucF,2
38,Male,,India,India,Glacier scientist,1,,,62.5,57.142857142857146,3,4,6,13,87,32,R_4IzzwpYhHWQ01oI,2
42,Male,,USA,USA,Assistant Professor - protected areas and outdoor recreation social science,1,,,70.83333333333333,50,8,11,14,33,40,100,R_3CC0KfGako2nx2F,2
40,Male,,Portugal,Portugal italy,modeling,1,,,100,82.14285714285714,20,8,21,49,30,29,R_82cpsMHv4glEbLh,2
76,Female,,Switzerland,Switzerland,Plant and ecosystem responses to atmospheric chages,1,,,0,14.285714285714286,0,0,3,3,50,40,R_2ptoEJRXK0AUMrj,2
38,Female,,United States,United States,Research Ecologist,1,,,50,39.285714285714285,3,0,4,7,40,71,R_1UYtGNvK2fnkPCa,2
59,Male,,United States,United States,Science management,1,,,62.5,60.714285714285715,5,1,10,16,16,92,R_5dW4KaFGPrS73Lg,2
63,Female,,United States,United States,Professor and Agronomist,1,,,4.166666666666667,35.714285714285715,4,0,4,8,NA,100,R_7VKHT1Fakvsw44T,2
51,Female,,Switzerland,Switzerland,climate modeling,1,,,37.5,28.571428571428573,1,0,3,4,71,72,R_8aKa4fLiBt9HJTf,2
66,Female,,Canada,Canada,"Professor, plant biology, ecophysiology",1,,,33.333333333333336,35.714285714285715,8,1,8,17,21,83,R_1fko7FSnVZiWTGz,2
43,Female,,Switzerland,Switzerland,Senior scientist working on the impact of climate change on tree phenology as well as drought impact on forests,3,,It's of course complicate with so many (not all known) interactions but there is absolutely no doubt that anthropogenic climate change is accelerating (not only occurring) and is a serious threat for many ecological processes (and for human society as well),37.5,39.285714285714285,4,3,5,12,65,50,R_2pgs5frG5pXRh4K,2
48,Female,,United States,United States,Professor of Anthropology -- environmental archaeology,1,,,91.66666666666667,60.714285714285715,6,10,14,30,10,100,R_6P0ZP3wj5FyDrF3,2
75,Female,,New Zealand,New Zealand,Animal scientist,1,,,37.5,35.714285714285715,3,1,7,11,29,70,R_4MtfQi1rbx25tgL,2
34,Male,,US,US,"analyst, agricultural technology",1,,,58.333333333333336,42.857142857142854,8,2,9,19,65,80,R_6iBfsMJbIjl9EjL,2
51,Female,,USA,"USA, Austria",Professor.  Climate policy.,1,,,20.833333333333332,10.714285714285714,1,0,2,3,60,80,R_1pMNDi4kBijBVrk,2
42,Female,,Australia,Australia,Research/Teaching,1,,,12.5,21.428571428571427,0,0,0,0,61,62,R_4rGUTYg7ClxXy4w,2
52,Other,Male,India,India,Scientist,1,,,45.833333333333336,50,0,1,2,3,93,9,R_4kdGmq2X5gB3aZM,2
52,Female,,Switzerland,Switzerland,Conservation scientist,1,,,37.5,57.142857142857146,3,1,3,7,55,70,R_80Jml8JKC8o0GO8,2
37,Female,,Germany,Brazil,Modeling,1,,,45.833333333333336,28.571428571428573,1,2,3,6,90,80,R_2dQtLf6fvCNgjKH,2
49,Female,,Ghana,"Ghana, Kenya",Biomedical Researcher,1,,,50,53.57142857142857,0,0,0,0,90,10,R_2dKxhXbYMiaoW9e,2
44,Other,non-binary,Canada,Canada,Professor,1,,,33.333333333333336,28.571428571428573,0,1,3,4,81,9,R_4qga13bBJCZJXqb,2
52,Male,,Argentina,Argentina,Social researcher,1,,,50,25,3,2,5,10,50,60,R_7mCNqKqNW61JAWL,2
53,Female,,Brazil,Brazil,research associate,1,,,58.333333333333336,60.714285714285715,7,4,6,17,40,99,R_1cCyyXRXbe3SUt7,2
57,Female,,USA,USA,"physical climate scientist (weather and climate extremes), professor",1,,,87.5,82.14285714285714,9,5,11,25,20,100,R_7V9GBvTXwM8osir,2
47,Male,,Switzerland,Switzerland and Europe,scientist (marine ecosystem modeller),1,,,70.83333333333333,46.42857142857143,3,1,5,9,42,80,R_2HpGhSvnyVOwmag,2
57,Male,,Germany,Germany,Researcher - vector borne diseases under climate Change,1,,,12.5,7.142857142857143,2,1,2,5,70,30,R_8qpnEb863dD11Bg,2
61,Female,,Brasil,Brasil,Subnational policies,1,,,62.5,60.714285714285715,14,1,12,27,10,81,R_7bnehmL9XdhMYmt,2
45,Female,,Portugal,Portugal/Spain,Molecular ecology / Auxiliary researcher,1,,,54.166666666666664,42.857142857142854,7,2,8,17,20,90,R_8f71QPQtRI4Uvve,2
75,Female,,USA,USA,atmospheric scientist,1,,,20.833333333333332,10.714285714285714,1,0,2,3,30,81,R_6OUskSKYXb1blDf,2
47,Female,,france,france,"modeling, data analysis",1,,,58.333333333333336,35.714285714285715,4,2,4,10,40,61,R_8CCv4UyCWhTY3sp,2
60,Male,,Canada,"Canada, Ecuador, China",research climate change adaptation,1,,,16.666666666666668,17.857142857142858,1,3,3,7,70,53,R_5O7U9s9JFl69IrF,2
77,Female,,Netherlands,Suriname,"Precambrian geology, petrology",2,"As a geologist I see similar global warming has occurred many times in the past by natural processes, I see no difference with the present",,20.833333333333332,10.714285714285714,1,3,4,8,76,18,R_399RLzc9MohEzRH,2
50,Female,,United States,United States,"place-based, relational approaches to climate adaptation research",1,,,83.33333333333333,85.71428571428571,10,3,14,27,NA,NA,R_5niyVxodC2eoshz,2
63,Male,,Chile,Chile,atmospheric scientist,1,,,45.833333333333336,35.714285714285715,0,1,2,3,81,61,R_58XTPIiHV5dyTMC,2
NA,NA,,1,1,,1,,,41.666666666666664,42.857142857142854,2,0,5,7,NA,NA,R_9IYJpGlMzOgewJr,2
44,Male,,USA,"USA, Antarctica",Professor - soil ecology and biogeochemistry,1,,,50,42.857142857142854,1,1,7,9,50,71,R_7oScYMsFPJWxo03,2
49,Female,,United States,Malaysia; United States; Indonesia,"Ecologist and conservation biologist - impacts of climate change on ecosystems, biodiversity feedbacks on the climate system",1,,,50,46.42857142857143,18,5,4,27,2,97,R_6VwzK2paXmUBSmd,2
37,Male,,Canada,Canada,"research and education - vector-borne diseases, One Health, wicked problems",1,,,41.666666666666664,50,2,0,3,5,50,100,R_7F3tBPbJfk0sGi1,2
55,Male,,Australia,Australia,"Postdoc researcher, health impacts of climate change",1,,,54.166666666666664,60.714285714285715,4,0,8,12,30,82,R_8WOmfEJqQ8FB14T,2
63,Male,,Italia,Italia,"research professor--botany, palynologists",1,,,58.333333333333336,50,2,3,8,13,80,90,R_89BqPF7aXylJQKR,2
39,Male,,United Kingdom,United Kingdom,Postgraduate Lecturer,1,,,75,53.57142857142857,5,6,10,21,60,81,R_86bEuGsDb6fLoyv,2
55,Female,,Sweden,Sweden,Conservation ecologist (forests),1,,,12.5,17.857142857142858,3,0,4,7,35,100,R_8fAWoNjWnnkJ9Ri,2
68,Female,,Spain,Spain,Biodiversity decline,1,,,25,25,6,3,4,13,NA,NA,R_8XPekh6L4fYtCDf,2
85,Female,,USA,USA,"Prof Emeritus, CEO non profit CasasGlobal.org",1,,,16.666666666666668,28.571428571428573,1,0,0,1,50,NA,R_6gNMkP9QycOh9At,2
44,Female,,Sweden,"Sweden, Germany",philosophy of climate science,1,,,87.5,78.57142857142857,10,1,9,20,18,NA,R_2TUjNFCMZCvz9vN,2
52,Male,,UK,"UK, Australia",ocean climate change science,1,,,62.5,67.85714285714286,5,10,9,24,8,93,R_2Pt0irBEXARDyTD,2
50,Female,,United States,United States,"Associate Professor- hydrology, snow hydrology, climate change impacts",1,,,50,35.714285714285715,3,3,1,7,50,55,R_6VBDrevf5ntGkAF,2
74,Male,,Philippines,Philippines,Research scientist,1,,,29.166666666666668,17.857142857142858,1,2,4,7,NA,NA,R_9iyZNT1PC3X7343,2
69,Female,,United States,United States,Climate Scientist,1,,,29.166666666666668,25,2,1,3,6,NA,NA,R_2aQAsXhQNp98RMy,2
60,Male,,Denmark,Denmark,modeling and energy,1,,,54.166666666666664,39.285714285714285,6,3,6,15,30,61,R_2WIr1zouxJaT91R,2
47,Female,,USA,USA,associate professor - marine physiologist,1,,,62.5,67.85714285714286,6,2,14,22,50,100,R_3SIDujVIbRzhmAC,2
80,Female,,Australia,Australia,emeritus professor,1,,,25,10.714285714285714,3,3,7,13,80,40,R_9En5JiufA9xrIJa,2
43,Female,,Canada,Canada,Research professor - climate policy,1,,,20.833333333333332,10.714285714285714,0,0,0,0,40,60,R_7f2OWpG8pAiIFuP,2
44,Female,,Tanzania,Tanzania,Research associate,1,,,75,60.714285714285715,8,6,8,22,NA,NA,R_8zjrlx3kCVj9rvP,2
68,Male,,United States,United Kingdom,physician and epidemiologist,1,,,20.833333333333332,35.714285714285715,6,2,7,15,61,61,R_6OIGuhXkH1b4GsQ,2
58,Male,,Belgium,Belgium,lecturing & research,1,,,37.5,32.142857142857146,1,6,8,15,50,60,R_2qC1Er9eVrJO18r,2
NA,Female,,USA,"USA, Canada",community health,1,,,37.5,50,0,0,3,3,29,86,R_2ozC0IZVlsaFeYV,2
NA,Female,,Australia,Australia,"Plant ecologist, often collaborating with vegetation/climate modellers",1,,,45.833333333333336,35.714285714285715,4,1,7,12,32,81,R_9OogoKqwmAIgftx,2
35,Male,,Canada,Canada,PhD student in psychology,1,,,54.166666666666664,50,6,0,6,12,20,90,R_1VLjXFzdLb3AA4p,2
62,Female,,United States of America,United States of America,Professor--ecology,1,,,54.166666666666664,42.857142857142854,3,1,6,10,NA,NA,R_3HoXcsCp2laetCN,2
38,Female,,USA,USA,Epidemiology,1,,,83.33333333333333,75,12,4,11,27,33,70,R_5gFQq1u2alwcxS7,2
36,Male,,United States,United States,Assistant professor - coastal geomorphologist,1,,,54.166666666666664,32.142857142857146,3,3,7,13,39,86,R_7qpA5CgxjDvCJVO,2
69,Male,,USA,USA,harmful algal blooms,1,,,58.333333333333336,50,2,1,1,4,20,80,R_3SvKFjctjK39CmZ,2
54,Male,,Australia,Australia but also other countries and also global work,Interdisciplinary ecologist,1,,,83.33333333333333,78.57142857142857,6,6,9,21,20,100,R_7QbFw9ApFc75MRh,2
61,Female,,Norway,Norway,Senior research scientist - impacts of climate change on marine ecosystems including fish,1,,,25,17.857142857142858,2,1,0,3,71,20,R_7Kd0GCeg2xfK0CI,2
76,Female,,Argentina,Argentina,scientific research,1,,,0,7.142857142857143,1,0,2,3,30,70,R_5GVXtutAETh2Z9i,2
48,Other,Hetero,Chile,"Chie, US, France, Kenya",Associate Professor,1,,,4.166666666666667,10.714285714285714,0,0,0,0,51,50,R_61zgXu4KrnFjenT,2
43,Female,,Malaysia,Malaysia,Researcher,1,,,41.666666666666664,50,5,6,7,18,65,80,R_4LYvxrSluTzjoCB,2
44,Male,,UK,UK,"Professor, Marine Biology",1,,,87.5,78.57142857142857,4,5,11,20,71,62,R_8Bh5BhegV33ON5n,2
44,Female,,Switzerland,Switzerland,Climatologist,1,,,33.333333333333336,42.857142857142854,5,0,6,11,65,71,R_2CxDb2RuQu6pzCb,2
80,Female,,Australia,Australia,public health,1,,,33.333333333333336,25,1,1,2,4,24,92,R_4tu2bteFq5jbdrN,2
56,Female,,Australia,Australia,"Research, teaching and engagement",1,,,66.66666666666667,71.42857142857143,7,4,9,20,49,51,R_40Uzig2evCEJgC5,2
69,Female,,Sweden,Sweden,Research on climate change effects on water resources,1,,,45.833333333333336,35.714285714285715,2,0,3,5,61,30,R_2MZjjuIkV3hpBbA,2
70,Female,,United States,United States,"Professor, paleoclimatologist",1,,,50,67.85714285714286,6,1,9,16,30,81,R_7a9IPL8SBQyoO6R,2
49,Female,,Germany,Germany,agricultural modeling,1,,,37.5,32.142857142857146,2,1,2,5,81,70,R_233JrsMNljZDA1e,2
72,Male,,Sweden,Sweden,"Infectious diseases, epidemiology",1,,,33.333333333333336,32.142857142857146,2,1,2,5,30,30,R_2CK3Vny6Mgf5xCh,2
79,Female,,Australia,Australia,Professor of Sustainability and IPCC author,1,,,29.166666666666668,28.571428571428573,4,1,7,12,81,51,R_9LHBdzw21Rz14et,2
56,Male,,Madagascar,Madagascar,Public health officer,1,,,12.5,14.285714285714286,4,4,6,14,28,68,R_8DD1L8eRjCEw6F0,2
46,Male,,New Zealand,New Zealand,Professor: Biodiversity / ecology,1,,,45.833333333333336,57.142857142857146,3,5,13,21,40,61,R_4GuZWpIZrw8376V,2
34,Female,,France,France,Research associate - Agricultural ecology,1,,,8.333333333333334,7.142857142857143,3,2,1,6,19,70,R_2G7ccWvqr7EpePe,2
48,4,,Netherlands,Netherlands,Professor in climate policy with an atmospheric and environmental science and energy transition background,1,,,16.666666666666668,17.857142857142858,5,1,5,11,64,75,R_2IRW25myOtzHEH2,2
50,Female,,South Korea,South Korea,professor in climate science,1,,,8.333333333333334,0,0,1,0,1,95,10,R_5OrBGKc8gIPkhPm,2
31,Male,,Germany,Rwanda,postdoctoral researcher -- ecosystem restoration,1,,,70.83333333333333,32.142857142857146,4,4,3,11,33,70,R_88G5cck5tUFRgUp,2
41,Male,,UK,UK,Senior lecturer. Crop disease,1,,,79.16666666666667,60.714285714285715,12,5,6,23,29,30,R_2th9dZaYNTI4CL4,2
53,Female,,belgium,belgium,senior scientist - marine ecology,1,,,33.333333333333336,17.857142857142858,0,0,1,1,61,41,R_8vkuq3v3he6aKzU,2
38,Female,,Finland,"Finland, Sweden, Antarctica",Research in marine ecology. Effect of climate change in marine organisms. Effect of contaminants in marine organisms. Microplastics.,1,,,66.66666666666667,53.57142857142857,5,3,4,12,30,80,R_8Qg9mUGBLor4Au7,2
55,Male,,Netherlands,Netherlands,assistant professor,1,,,45.833333333333336,42.857142857142854,0,0,0,0,75,20,R_28J5DmBdDJZEUJg,2
72,Female,,UK,UK/Egypt,"Modelling to Assess impacts of climate change on crop diseases/ irrigation of crops in Egypt/UK. Strategies for adaptation to climate change. Emeritus Professor, Chair project meetings etc. s",1,,,16.666666666666668,28.571428571428573,0,0,1,1,60,50,R_82msde1jNwQIV8t,2
52,Male,,Australia,Australia,Academic researcher,1,,,58.333333333333336,67.85714285714286,4,5,12,21,29,90,R_9mf9isA8F88fOhX,2
45,Male,,Spain,Spain,research in biodiversity,1,,,4.166666666666667,10.714285714285714,0,0,4,4,80,85,R_8f1Viwv1qALV72g,2
72,Female,,United Kingdom,United Kingdom,Research professor,1,,,25,14.285714285714286,1,1,3,5,67,29,R_8LZQREIz0Dl8083,2
44,Female,,India,India,Long term energy scenario modelling,1,,,33.333333333333336,17.857142857142858,0,0,0,0,72,20,R_9agS5FTXWvfCFgJ,2
NA,Female,,Portugal,Brasil and portugal,Auxiliary researcher,1,,,29.166666666666668,28.571428571428573,1,1,6,8,10,100,R_2aJswBlA535e50x,2
61,Female,,United Kingdom,United Kingdom,Earth System Modelling,1,,,50,32.142857142857146,1,4,10,15,75,NA,R_82gRdBb945s2mQY,2
60,Female,,Germany,Germany,Professor,1,,,16.666666666666668,14.285714285714286,1,0,4,5,30,80,R_8q8L0aG0Q3GXmfM,2
57,Female,,Ethiopia,Ethiopia,Public health Researcher,1,,,8.333333333333334,3.5714285714285716,0,0,0,0,90,9,R_8KHC31h3AM2suhY,2
47,Male,,Germany,Germany,Professor of Psychology,1,,,20.833333333333332,28.571428571428573,2,1,5,8,59,32,R_2dVWtcxrVO77ZFp,2
27,Male,,UK,UK,Research Fellow. Environmental epidemiologist,1,,,70.83333333333333,75,13,9,16,38,30,80,R_2BVbVZ13fjIDhbX,2
41,Male,,Spain,Spain,postdoc researcher--seaweeds ecology and climate change,1,,,20.833333333333332,0,0,0,1,1,80,0,R_2h0gOX8iHtUoL4n,2
79,Female,,USA,"USA, SWEDEN",Paleoecology and paleoclimatology,1,,,29.166666666666668,10.714285714285714,4,0,0,4,63,88,R_2hyc0VuL7zCU1lp,2
46,Male,,Turkiye,Turkiye,Marine biology professor,1,,,70.83333333333333,42.857142857142854,8,3,6,17,60,50,R_2mDfqbrvBmTCjO3,2
39,Male,,France,Switzerland,scientific collaborator -energy modelling and common good issues,1,,,54.166666666666664,39.285714285714285,12,0,9,21,15,15,R_2jj2L6ykKIxDKmq,2
42,Female,,Italy,Italy,Associate Professor in Plant Pathology,1,,,79.16666666666667,71.42857142857143,5,5,11,21,40,80,R_8JlzVVkZSv7QUrT,2
34,Male,,United Kingdom,United Kingdom,Research associate- environmental impacts of net zero pathways,1,,,20.833333333333332,3.5714285714285716,1,0,3,4,85,10,R_2Pju7J0g1kGprTX,2
49,Female,,Switzerland,Switzerland,researcher in groundwater quality,1,,,20.833333333333332,32.142857142857146,5,1,5,11,10,50,R_26atX6a9L9lAwd8,2
68,Female,,Australia,Australia,Climatologist,1,,,50,50,2,0,1,3,30,NA,R_9LI2897UzArQFWm,2
46,Female,,Norway,Norway,carbon cycle modeling,1,,,33.333333333333336,42.857142857142854,1,0,2,3,60,70,R_85yA0oLmYcETysI,2
50,Male,,South Africa,South Africa,epidemiology,1,,,37.5,25,0,0,0,0,80,60,R_8XzSkpB0eYEjB8B,2
44,Male,,Sweden,"Sweden, EU, global","Climate transitions (energy, buildings, urban perspectives)",1,,,66.66666666666667,71.42857142857143,6,6,8,20,50,50,R_20v3qepn2EZH24z,2
68,Female,,Australia,Australia/global,climate adaptation/sustainability science,1,,,16.666666666666668,25,1,0,1,2,60,70,R_6kRht4Vgq0eSb8O,2
48,Male,,United States,United States,Professor of Medical Geography,1,,,66.66666666666667,82.14285714285714,3,3,13,19,68,71,R_5M5InPQOFs77QjM,2
78,Female,,New Zealand,NZ,Climate change mitigation / sustainable energy systems,1,,,12.5,17.857142857142858,0,0,1,1,40,49,R_46mvafNDmWJkpyI,2
43,Female,,USA,USA,conservation social scientist,1,,,45.833333333333336,28.571428571428573,0,0,1,1,30,81,R_195tnM7q6lxQFkx,2
54,Male,,United Kingdom,United Kingdom,Marine climate change scientist,1,,,16.666666666666668,17.857142857142858,0,0,1,1,60,40,R_2R7vEQDfcLDiRss,2
36,Male,,Australia,Australia,assistant prof - climate finance,1,,,54.166666666666664,60.714285714285715,2,2,6,10,9,91,R_2dJGrUjXJ2q7MXZ,2
65,Male,,United States,United States,decarbonization,1,,,12.5,21.428571428571427,0,1,2,3,65,67,R_6DvyukQE4gE3EMI,2
51,Male,,sweden,sweden,researcher - environmental psychology,1,,,37.5,21.428571428571427,2,0,5,7,50,30,R_2tDs0qClrgifbki,2
49,Male,,Canada,Canada,environmental geography research,1,,,33.333333333333336,32.142857142857146,2,2,1,5,20,80,R_3e5sdOJUDHOdEfT,2
NA,Male,,United States,United States,"Ecologist and climate adaptation specialist, climate communication",1,,,62.5,53.57142857142857,3,4,10,17,50,51,R_5r0sLPplZOepRxo,2
48,Male,,UK,UK,professor - environmental psychology,1,,,50,42.857142857142854,5,4,11,20,60,65,R_2rBoczGoWHI43Ke,2
53,Female,,Brazil,Brazil,professor and PI,1,,,54.166666666666664,78.57142857142857,2,2,3,7,51,100,R_5oAMX2aEQmk9hVv,2
29,Male,,United Kingdom,United Kingdom,Lecturer - Disease ecology,1,,,41.666666666666664,35.714285714285715,1,2,3,6,75,80,R_2JDiBB00Sd2TyAY,2
62,Female,,United Kingdom,United Kingdom,policy studies research on climate policies,1,,,50,35.714285714285715,3,1,2,6,35,60,R_8nfryyoFL2OyiWJ,2
52,Male,,Brazil,Brazil,Associate Professor/Researcher,1,,,70.83333333333333,64.28571428571429,5,6,6,17,30,100,R_7sUB0xJfYlLElYB,2
55,Male,,United States,United States,environmental psychologist,1,,,20.833333333333332,21.428571428571427,0,0,5,5,60,82,R_35kpXedNDEbryZH,2
80,Female,,USA,USA,Author,1,,,8.333333333333334,14.285714285714286,0,0,0,0,70,62,R_53t7GdhWZcOg8kV,2
39,Female,,Canada,Canada,Industrial Ecology,1,,,58.333333333333336,17.857142857142858,1,0,1,2,39,81,R_1zjWqRDSyDxoNR7,2
47,Male,,Canada,"Canada, UK, Germany",Full Professor,1,,,66.66666666666667,60.714285714285715,8,1,10,19,72,62,R_75vdkhkAvRUgmP2,2
53,Male,,Italy,Italy,"Senior researcher, Environmental Engineering",1,,,54.166666666666664,35.714285714285715,4,2,6,12,41,80,R_8teZzoH1XFIIldB,2
69,Female,,USA,"Tropical countries Brazil, Indonesia Mexico",Forest Carbon dynamics,1,,,0,3.5714285714285716,0,0,0,0,50,95,R_7pLzFO59QIUy1Zm,2
59,Female,,United States,United States,professor (pui) -- muxcle physiology,1,,,54.166666666666664,67.85714285714286,3,1,6,10,50,50,R_3frrRluoT40wOjq,2
35,Male,,USA,USA,Marine Scientist,1,,,58.333333333333336,60.714285714285715,9,4,13,26,30,72,R_3ReES52xzBdgRSd,2
49,Male,,United States,United States,professor,1,,,66.66666666666667,82.14285714285714,7,6,17,30,45,45,R_6UXGS52EwKBtU8P,2
47,Male,,Argentina,Argentina,atmospheric scientist,1,,,45.833333333333336,35.714285714285715,1,0,3,4,50,NA,R_6CeIx4fezYu9IoG,2
36,Female,,United States,United States,"research associate - spatial modeling, species responses to climate change",1,,,54.166666666666664,28.571428571428573,7,4,8,19,19,84,R_7P5Uoaxj0dGiAxR,2
44,Female,,USA,USA,Wildlife Researcher,1,,,37.5,53.57142857142857,3,0,2,5,31,92,R_5w0TCNCbM5iO6nu,2
45,Female,,USA,USA,marine biologist,1,,,37.5,28.571428571428573,4,0,5,9,50,82,R_5dRjbhQkztCcyDu,2
69,Female,,USA,"USA, Canada",Professor and Researcher,1,,,29.166666666666668,25,3,0,5,8,50,50,R_7Zb6o44qjsNWSlz,2
58,Male,,United States,USA,Researcher/Professor,1,,,66.66666666666667,60.714285714285715,7,7,13,27,10,98,R_56nJcqLH1lvP3pG,2
45,Male,,United States,"Global but with a focus on Africa and  Asia (e.g. Kenya, Sierra Leone, South Sudan, Niger, Nepal, Indonesia)",programme manager and research lead for climate science but focus on adaptation and loss and damage,1,,,62.5,64.28571428571429,1,1,6,8,33,51,R_6sod9umNAzjdWrw,2
55,Male,,USA,USA,Physician/radiologist,1,,,25,10.714285714285714,6,4,7,17,19,100,R_1zFSF1x5fvkebKh,2
54,Male,,United States,United States,Outreach and education,1,,,25,25,2,0,3,5,19,91,R_17twiPLXz478jXb,2
76,Female,,US,US,Professor - Global Change plant biology,1,,,12.5,0,1,0,4,5,86,45,R_3iJ7qt9JJnDIB8t,2
44,Male,,USA,USA,"Senior researcher, oceanography",1,,,33.333333333333336,39.285714285714285,0,1,4,5,51,83,R_39TAUQ115zadwXL,2
63,Female,,United Kingdom,United Kingdom,environmental economist,1,,,41.666666666666664,42.857142857142854,3,3,12,18,50,50,R_2AmYKcj12RN8qVH,2
52,Female,,USA,USA,Plant ecologist,1,,,37.5,28.571428571428573,2,1,6,9,50,65,R_6FqtgJaN1LkaPda,2
37,Female,,Canada,Canada,postdoctoral researcher in evolutionary biology,1,,,25,3.5714285714285716,0,0,3,3,85,40,R_1oyIa5YiWQI99gL,2
40,Male,,Australia,Australia,Postdoc research fellow - marine biosecurity,1,,,50,28.571428571428573,7,4,7,18,61,71,R_4ZSOmxN7XP302D7,2
66,Female,,Australia,Australia,Environmental research scientist,1,,,25,10.714285714285714,2,0,6,8,81,31,R_9OPuTvsCeEGiqBo,2
68,Male,,Denmark,EU and Denmark,economist,1,,,33.333333333333336,42.857142857142854,0,0,1,1,71,18,R_2ROqSReDWXNlCwN,2
50,Female,,United States,United States,"Hydrology, hydroclimatology, climate change impacts",3,,I don't agree with everything.,54.166666666666664,46.42857142857143,0,0,0,0,70,30,R_1mUebU1QgStQS1b,2
52,Male,,United States,United States,social scientist,1,,,20.833333333333332,42.857142857142854,0,0,0,0,21,34,R_5DkLjjl2k7wrRXI,2
69,Male,,United States,United States,biologist,1,,,33.333333333333336,10.714285714285714,0,1,0,1,45,55,R_1bVrJYDOyaED5lH,2
59,Female,,United States,United States,psychologist,1,,,41.666666666666664,50,3,0,6,9,80,75,R_43hLMppQ5uYW9oJ,2
46,Male,,Malaysia,Malaysia,environmental sociologist,1,,,20.833333333333332,28.571428571428573,0,1,4,5,100,29,R_4Z7KTxicg3DN4Fb,2
54,Male,,Finland,Finland,University teacher - earlier researcher focusing on climate change effects on forest trees,1,,,50,42.857142857142854,7,4,7,18,40,29,R_22X9KyZfezKaKhW,2
66,Male,,Prefer not to say,Prefer not to say,Bioethics,1,,,50,42.857142857142854,2,3,5,10,50,71,R_5DCinsZy1kkAJ46,2
NA,Female,,USA,USA,Epidemiology,1,,,33.333333333333336,46.42857142857143,4,0,3,7,63,58,R_4CHR3O2Ua5G99uZ,2
65,Female,,USA,USA,Research Scientist- oceanography,1,,,50,50,9,2,15,26,24,92,R_1MLrPirB86kPlnI,2
65,4,,USA,I work in 25-40 countries,implementation science,1,,,8.333333333333334,0,0,0,0,0,85,85,R_8dgXqe8hYKCxj65,2
64,Male,,Australia,Australia,Research leader - GHG mitigation in agriculture,1,,,62.5,78.57142857142857,1,3,5,9,19,91,R_4R46phqhpiEjaNk,2
51,Female,,Australia,Australia,"Research scientist - sustainability economics, climate & disaster resilience and adaptation",1,,,66.66666666666667,78.57142857142857,14,5,13,32,9,94,R_4YsvxslVonIv64i,2
68,Female,,Norway,Norway,Professor - carbon cycling and climate,1,,,16.666666666666668,28.571428571428573,0,0,4,4,30,71,R_2GNeQjODhQvkC5P,2
44,Male,,Latvia,Latvia,climate education - resercher,1,,,54.166666666666664,64.28571428571429,11,1,9,21,30,51,R_2eyJ4Sn97baNwUM,2
42,Male,,Germany,Germany,climate health interaction and science policy making,1,,,50,46.42857142857143,6,3,7,16,18,70,R_8OcVxFCPg2ACugk,2
69,Male,,Australia,Australia,public health physician and medical educator,1,,,50,46.42857142857143,2,2,9,13,60,13,R_4qsZaSBhuRXgfhA,2
58,Female,,USA,USA,Develop and apply Earth System Models to understand our future,1,,,62.5,64.28571428571429,7,2,7,16,30,80,R_5JTAQtLklnCyjDz,2
82,Female,,UK,UK,Politics and communication of climate science,1,,,37.5,53.57142857142857,7,7,8,22,25,NA,R_2mf19VPbAOnetZn,2
49,Male,,Sweden,Sweden,researcher-carbon cycling and storage in natural ecosystems mainly forests and waters,1,,,58.333333333333336,53.57142857142857,2,0,9,11,40,62,R_2pnxa14GtNqQMOY,2
57,Female,,Canada,Canada,"Research, biodiversity, traditional knownledge",1,,,41.666666666666664,67.85714285714286,6,3,8,17,61,NA,R_3fuHEZ9aTeLCxLu,2
71,Female,,Canada,Zambia,Social scientist,1,,,12.5,7.142857142857143,1,1,1,3,50,81,R_1Z7pfkCnIhIbpCN,2
38,Male,,France,France,researcher-climate change ecology,1,,,66.66666666666667,46.42857142857143,3,1,7,11,30,82,R_8Z1S8oc2JJuBQqt,2
53,Male,,UK,sub-Saharan Africa (range of countries),"public health, working on climate-related health shocks",1,,,54.166666666666664,46.42857142857143,5,2,9,16,60,90,R_8QSrvH6lWS7jLRX,2
48,Female,,USA,USA/Canada,"Professor or Paleoclimatology, Paleolimnology and Climate Dynamics",3,,I take issue with how you've phrased the question. Climate change is a threat to people but not to the planet in general. Life will thrive here regardless of whether human's are part of it.,29.166666666666668,28.571428571428573,0,0,3,3,50,NA,R_8Lcczs5mUgB7Lun,2
73,Female,,United States,United States,Marine ecologist,1,,,70.83333333333333,64.28571428571429,6,1,6,13,60,84,R_5rT0axmCjVQZIA1,2
46,Female,,taiwan,taiwan,professor,1,,,58.333333333333336,28.571428571428573,0,3,18,21,85,60,R_9EsqNmIldlAxXKi,2
44,Male,,Canada,Canada,biology (ecology) professor,1,,,37.5,50,4,1,6,11,20,50,R_1CI6KSHlR7mkDOV,2
64,Female,,United Kingdom,United Kingdom,Academic (retired) Political Communication,1,,,29.166666666666668,32.142857142857146,2,0,5,7,29,80,R_2qUrC6sXAO9DrUM,2
64,Male,,United States,United States,Research psychologists,1,,,79.16666666666667,75,7,0,11,18,60,61,R_6AZO6D5sQqJQcOB,2
54,Male,,Germany,Germany,Environmental epidemiology,3,,"I am in agreement that there is climate change and global warming and that there is a part of this driven by human activities, but not all of it. So I am only partly in agreement with IPCC, who, in my opinion, do not listen unbiased to all existing scientific opinions.",45.833333333333336,50,2,4,6,12,70,20,R_22yz7iqZOiScbdS,2
51,Male,,United States,United States,atmospheric scientist,1,,,62.5,39.285714285714285,4,3,3,10,19,25,R_3PFQoNXhmkAlVLP,2
