"Filter 1","StartDate","EndDate","Duration__in_seconds_","Finished","LocationLatitude","LocationLongitude","Poor_data","Quote_consent","Age","Gender","Gender_other","Country_residence","Country_work","Nature_work","Years_working","Highest_ed","Highest_ed_other","Agree_IPCC","Noagree_IPCC","Complicated_IPCC","Warr_calm","Warr_cheerful","Warr_contented","Warr_depressed","Warr_enthusiastic","Warr_gloomy","Warr_miserable","Warr_optimistic","Warr_relaxed","Warr_tense","Warr_uneasy","Warr_worried","Warr_calmR","Warr_cheerfulR","Warr_contentedR","Warr_depressedR","Warr_depressedRR","Warr_enthusiasticR","Warr_gloomyR","Warr_gloomyRR","Warr_miserableR","Warr_miserableRR","Warr_optimisticR","Warr_relaxedR","Warr_tenseR","Warr_tenseRR","Warr_uneasyR","Warr_uneasyRR","Warr_worriedR","Warr_worriedRR","Warr_anxiety_contentment","Warr_depression_enthusiasm","CBI_P_1","CBI_P_2","CBI_P_3","CBI_P_4","CBI_P_5","CBI_P_6","CBI_P_1R","CBI_P_2R","CBI_P_3R","CBI_P_4R","CBI_P_5R","CBI_P_6R","CBI_personal","CBI_W_1","CBI_W_2","CBI_W_3","CBI_W_4","CBI_W_5","CBI_W_6","CBI_W_7","CBI_W_7R","CBI_W_1R","CBI_W_2R","CBI_W_3R","CBI_W_4R","CBI_W_5R","CBI_W_6R","CBI_W_7RR","CBI_work","CBI_C_1","CBI_C_2","CBI_C_3","CBI_C_4","CBI_C_5","CBI_C_6","DASS_1","DASS_2","DASS_3","DASS_4","DASS_5","DASS_6","DASS_7","DASS_8","DASS_9","DASS_10","DASS_11","DASS_12","DASS_13","DASS_14","DASS_15","DASS_16","DASS_17","DASS_18","DASS_19","DASS_20","DASS_21","DASS_1R","DASS_2R","DASS_3R","DASS_4R","DASS_5R","DASS_6R","DASS_7R","DASS_8R","DASS_9R","DASS_10R","DASS_11R","DASS_12R","DASS_13R","DASS_14R","DASS_15R","DASS_16R","DASS_17R","DASS_18R","DASS_19R","DASS_20R","DASS_21R","DASS_Depression","DASS_Anxiety","DASS_Stress","DASS_total","Hopeful_future_rating","Why_hopeful","Worried_future","Why_worried","Affected_by_CC","Work_affect_wellbeing","Coping_strategies","Attacks_on_work","Anything_else","Q28","Contact_future"
1,17240,17240,813.0,1,"-33.920196533203","151.22241210938",,1,33.0,2,,"Australia","Australia","Research Fellow, oceanography and climate science",10.0,1,,1,,,3,4,4,5,3,5,6,5,4,5,5,4,4,3,3,2,5,4,2,5,1,6,2,3,2,5,2,5,3,4,24.0,25.0,1,1,3,4,2,4,100,100,50,25,75,25,62.5,4,4,3,1,4,4,3,3,25,25,50,100,25,25,50,42.857142857142854,,,,,,,4,4,4,4,2,3,4,4,3,3,4,3,4,3,4,3,3,2,4,4,4,0,0,0,0,2,1,0,0,1,1,0,1,0,1,0,1,1,2,0,0,0,5,1,5,11,83.0,"I have to feel hopeful, otherwise I would not be able to do my job.",84.0,"In Australia are lucky, we are wealthy enough to cope with a lot of the effects of climate change, at least in the short term. I worry about how climate change will destabilise a lot of the world, and how future generations will be left to deal with that.","I can't ignore that it is happening, or tell myself that the science isn't settled. Often, in social exchanges, people ask me if climate change is really real, and if they should be worried about it. It's always a conversation killer when I say yes.",49.0,"Actually my personal life is way more tiring at the moment than my work life (I have a young child who doesn't sleep much). So sometimes the nice quiet office is relaxing.","Not yet, thank goodness. I do not do any media or outreach, so I am not really visible in public.",,4,1
1,17240,17240,1019.0,1,"-33.766693115234","150.91668701172",,1,51.0,1,,"Australia",,"Atmospheric scientist",25.0,1,,1,,,6,5,3,3,4,4,5,5,6,3,3,2,1,2,4,4,3,3,3,4,2,5,2,1,4,3,4,3,5,2,14.0,19.0,3,2,4,5,2,4,50,75,25,0,75,25,41.666666666666664,4,4,4,1,5,5,3,3,25,25,25,100,0,0,50,32.142857142857146,,,,,,,3,4,3,4,3,3,4,4,4,3,4,3,3,2,4,3,3,4,4,3,3,1,0,1,0,1,1,0,0,0,1,0,1,1,2,0,1,1,0,0,1,1,7,1,5,13,34.0,"Society seems to be on auto-pilot and heading toward self-induced calamity, even though many people get this and are trying to help.  If I focus on the latter I feel better but overall I am not that optimistic.",19.0,"Most worrisome thing is ignorance and how this leads people to blame the wrong people or things, and embrace solutions that will only make things worse.  And how manipulable people are.  Also that societies may be turning away from and demonizing those who could help them.","It is not the best thing to be thinking about, but I think there are some people who know less about the problem but are more scared of it than they should be, so it could be worse!",48.0,"I work as a scientist which I think is a great job, though also very stressful.  Most of the stresses behind my answers in your survey have much more to do with the stresses of the job rather than worrying about the future (though that is there too), and would probably be the same for scientists working in any other field.  A coping strategy is to avoid reading the news too much and to focus on good-news stories (of which there are many), even though I know this is ""cherry picking"" in a way.","I have learned to ignore these, because they are not representative of most people's values or attitudes, and the attackers do not deserve any attention from me or anyone else.",,5,2
1,17240,17240,527.0,1,"-33.912094116211","151.2587890625",,1,43.0,2,,"Australia",,"Senior lecturer- climate science",12.0,1,,1,,,4,3,3,5,2,5,5,2,3,5,5,5,3,4,4,2,5,5,2,5,2,5,5,4,2,5,2,5,2,5,26.0,29.0,3,4,4,4,3,4,50,25,25,25,50,25,33.333333333333336,3,4,3,2,4,4,3,3,50,25,50,75,25,25,50,42.857142857142854,4,4,4,4,4,4,4,4,4,4,3,3,4,4,4,4,4,4,4,4,4,4,4,4,4,4,4,0,0,0,0,1,1,0,0,0,0,0,0,0,0,0,0,0,0,0,0,0,1,0,1,2,26.0,"
What makes me feel hopeful- all the amazing scientists working in the climate science field that I get to work with day to day. The quality of the science they do is second to none. Australia's climate science field is outstanding and is producing an amazing group of early career researchers that will continue this work into the future. 
What makes me feel not hopeful- regardless of all the evidence coming from the scientists there is a lack of action from government. A lack of respect for the science and ",71.0,"We are in trouble. 
If we don't take actions, both nationally and globally, to curb greenhouse gas emissions we are looking at a very difficult future, one that I don't think we are at all prepared for.",,21.0,,"Frustration.",,4,1
1,17240,17240,800.0,1,"-33.701599121094","151.27969360352",,1,52.0,1,,"Australia",,"Climate Science",28.0,1,,3,,"IPCC have never said climate change is a ""grave threat"" so I can neither agree nor disagree. If you frame the question ""Are humans causing global warming that will likely accellerate in the future"" which is basically what the IPCC say, then yes, I certainly agree with that",4,3,1,6,2,6,6,5,5,5,5,4,3,4,6,1,6,5,1,6,1,6,2,2,2,5,2,5,3,4,25.0,29.0,3,4,4,5,4,5,50,25,25,0,25,0,20.833333333333332,4,3,5,2,5,5,2,4,25,50,0,75,0,0,25,25.0,3,4,4,2,4,4,3,4,4,4,4,3,4,4,4,4,4,3,4,3,4,4,4,4,4,4,4,1,0,0,0,0,1,0,0,0,0,0,1,0,1,0,0,0,0,0,0,0,0,0,4,4,20.0,"I think the probability that we will solve the emissions problem in time is very low, and I know that we have underestimated the capacity for the climate system to be expressed negatively in terms of extremes. 

I do not think I have much hope. But I manage to place that neatly in a part of my conciousness and rarely go there. 

The only thing that gives me hope is that there are some very smart students around with genuine commitment. Maybe they will be able to drive change in a way my parents and my gener",86.0,"See preivous answer.","Not at all really. 

What I know does not really affect how I feel. Its like a doctor who deals with dying patients. If they let each death
profoundly affect them, they could not do their jobs and they might miss that patient that might be cured.",83.0,"I feel very positive about my work. It affects my well being positively because I am excited about the next discovery a student will make, the next job a student will get etc","Sure - find a climate scientist who has not been threatened and I will show you one that is not effective in communicating their science. 

It affects be positively. If I am attacked, I choose to interpret it as becasue I am a threat to those who try to stop the changes needed to avoid dangerous climate change. I interpret it as I am doing a good job.","This is all very negative. Should you not be asked opposite questions like ""My work left me with a sense of achievement"" or whatever?",4,1
1,17241,17241,826.0,1,"-33.949996948242","151.23330688477",,1,38.0,1,,"Australia","Australia","Research Fellow - climate variability and climate extremes",10.0,1,,1,,,4,4,5,5,2,5,6,4,6,5,3,4,3,3,2,2,5,5,2,5,1,6,3,1,2,5,4,3,3,4,18.0,27.0,4,3,4,5,4,3,25,50,25,0,25,50,29.166666666666668,4,3,5,4,5,5,3,3,25,50,0,25,0,0,50,21.428571428571427,,,,,,,2,4,4,4,3,3,4,3,4,3,4,3,4,3,4,4,4,4,4,4,4,2,0,0,0,1,1,0,1,0,1,0,1,0,1,0,0,0,0,0,0,0,2,0,6,8,50.0,"It is hard to imagine currently that all the different interest groups in the world will come together to solve the global problem. There will always be at least one or two parties counteracting a global solution and agreement, because of self-interest.

But I also hope that there is enough sanity to solve this issue",51.0,,,37.0,,,,5,2
1,17241,17241,620.0,1,"-33.920501708984","151.25518798828",,1,28.0,2,,"Australia","France and Australia","Research Associate - climate extreme events (temperature and precipitation extremes)",5.0,1,,1,,,2,2,2,5,3,5,6,5,3,4,5,3,5,5,5,2,5,4,2,5,1,6,2,4,3,4,2,5,4,3,26.0,27.0,3,3,5,5,3,5,50,50,0,0,50,0,25.0,5,4,5,3,4,4,2,4,0,25,0,50,25,25,25,21.428571428571427,,,,,,,4,4,4,4,4,3,4,4,4,4,4,4,4,4,4,4,4,4,4,4,4,0,0,0,0,0,1,0,0,0,0,0,0,0,0,0,0,0,0,0,0,0,0,0,1,1,40.0,,53.0,,,30.0,,,,5,2
1,17242,17242,955.0,1,"-33.949996948242","151.23330688477",,1,40.0,2,,"Australia","Australia","Research Associate - physical oceanographer",16.0,1,,1,,,4,3,2,5,3,4,6,4,5,4,3,4,3,4,5,2,5,4,3,4,1,6,3,2,3,4,4,3,3,4,21.0,26.0,4,5,3,4,3,5,25,0,50,25,50,0,25.0,4,3,5,4,5,5,2,4,25,50,0,25,0,0,25,17.857142857142858,3,3,2,2,2,3,3,4,4,4,3,3,4,3,3,4,3,3,4,4,4,4,4,3,3,4,4,1,0,0,0,1,1,0,1,1,0,1,1,0,0,0,0,0,1,1,0,0,1,2,6,9,71.0,"Despite in slow pace, we are walking toward the right direction to change energy sources and related economy.",55.0,"I'm worried about wars and what world are we leaving for my kids.","Not much affected. People are sometimes curious about the type of research I do, other people want to express their ""disbelief"" in climate change. It doesn't affect me. There are always people who understand science more than others, and we face similar problems as other areas, e.g. immunisation.",12.0,"Yoga","Not really.",,5,2
1,17244,17244,825.0,1,"-33.903198242188","151.15179443359",,1,39.0,1,,"Australia","Australia","Tenured academic - climate change processes",15.0,1,,1,,,5,4,4,4,4,5,6,5,4,3,3,3,2,3,3,3,4,3,2,5,1,6,2,3,4,3,4,3,4,3,17.0,23.0,3,4,2,4,2,3,50,25,75,25,75,50,50.0,3,2,4,2,3,4,3,3,50,75,25,75,50,25,50,50.0,,,,,,,2,4,2,4,3,3,4,3,3,4,3,2,4,3,4,3,4,3,4,4,4,2,0,2,0,1,1,0,1,1,0,1,2,0,1,0,1,0,1,0,0,0,4,1,9,14,46.0,"The lack of likelihood that people are able to coordinate and execute an effective GHG emissions reduction solution globally.",69.0,"As above","I'm increasingly cynical and worn out, lower emotional energy reserves.",61.0,"Meditation. Long holidays.","Not too much to date thankfully - I've tried to stay out of the limelight, but many colleagues have.",,5,2
1,17247,17247,670.0,1,"37.41780090332","-122.17199707031",,1,60.0,1,,"USA",,"Senior Research Scientist - global climate, atmospheric science, global energy systems",30.0,1,,1,,,2,2,2,6,2,6,6,3,2,6,6,6,5,5,5,1,6,5,1,6,1,6,4,5,1,6,1,6,1,6,33.0,32.0,3,3,2,5,2,3,50,50,75,0,75,50,50.0,4,4,3,3,5,5,2,4,25,25,50,50,0,0,25,25.0,,,,,,,4,4,4,4,3,3,4,4,4,4,2,4,4,4,4,3,4,3,3,4,2,0,0,0,0,1,1,0,0,0,0,2,0,0,0,0,1,0,1,1,0,2,4,1,4,9,31.0,"Poverty has been going down, education and global health has been going up, so there is much room for optimism as well.",73.0,"We have evolved as hunter gatherers, but have created a technological world to which we are no longer adapted. As a result, we do not have the emotional capacity to address century-scale global problems.

","Climate change has made me realize that humans do not have the emotional capacity to deal with this problem. We respond more strongly to a meowing cat in our presence than 100,000 people dying of starvation on the other side of the planet. We just don't have the emotional capacity to address very real things  outside of our sensory field which seem to us to be abstract.",93.0,"My work affects my well-being very much and very positively, because I get to do work that I love and find meaningful. You seem to be implying that my work would require me to have coping strategies, but I consider my work to be a blessing.","I have been attacked many times. That is the cost of being a (semi-)public figure. I spend less time paying attention to idiots. Increasingly, I try to ignore idiots rather than respond to them.","The premise of this survey seems to be that studying climate change has an adverse on our personal psychology. I find the opposite. Meaningful work that you enjoy is the key to happiness.",4,1
1,17252,17252,1427.0,1,"40.745803833008","-74.032096862793",,1,72.0,1,,"USA",,"Climate scientist",45.0,1,,1,,,4,5,5,4,4,5,6,5,5,5,5,4,3,2,2,3,4,3,2,5,1,6,2,2,2,5,2,5,3,4,21.0,22.0,5,4,4,5,4,4,0,25,25,0,25,25,16.666666666666668,3,3,3,4,4,5,2,4,50,50,50,25,25,0,25,32.142857142857146,,,,,,,3,4,4,4,4,4,4,4,4,4,4,3,4,4,4,4,4,4,3,4,4,1,0,0,0,0,0,0,0,0,0,0,1,0,0,0,0,0,0,1,0,0,0,1,2,3,50.0,"We could make progress if everything came together.  But we are far from that.  There are too many people, many very selfish and self centered, ""America First"" types, who have no concept of government and how we govern an entire planet.  Some people are lucky and fell into wealth, but have no idea how to manage anything.  Too many are in places of influence.  Value systems are corrupt in too many people even as the religiously go to church and proclaim otherwise.   Social media is a major step backwards: ev",73.0,"Too many people, living unsustainably with no solutions in sight.  We can't even talk about population control.  We develop more and more ways to extend life, without ever dealing with the ending of life.  We take actions to save lives continually and it really makes the problem worse.  We can't even agree in one country, let alone across countries.  The Paris agreement was an amazing step, but it was weak and unenforceable.","I reach out.  I try to educate.  I try to separate out the science from the ethical issues and rationalize discussions.",68.0,"I work out.  It relieves stress.  I play golf.","Yes, many.  I have written about these.  I have tried harder to reach out and educate, but there are factions that are unreachable.",,4,1
1,17252,17252,1268.0,1,"47.660598754883","-122.29190063477",,1,65.0,1,,"USA",,"Atmospheric Scientist",40.0,1,,1,,,2,3,3,5,5,5,6,3,3,4,4,4,5,4,4,2,5,2,2,5,1,6,4,4,3,4,3,4,3,4,25.0,26.0,3,4,4,5,4,4,50,25,25,0,25,25,25.0,4,5,4,3,5,5,2,4,25,0,25,50,0,0,25,17.857142857142858,4,3,4,4,4,3,3,3,4,4,3,3,4,3,4,4,3,3,3,3,4,4,2,3,4,4,4,1,1,0,0,1,1,0,1,0,0,1,1,1,1,0,0,2,1,0,0,0,4,1,7,12,37.0,"I worry that fear, greed and hate will win out over confidence, generosity and love in American politics.  I worry that those who govern the country will reduce investment in education for the not wealthy and in public good research, such as that dealing with the environment.  These trends are pretty strongly disfavorable at present.",82.0,"I worry that fear, greed and hate will win out over confidence, generosity and love in American politics.  I worry that those who govern the country will reduce investment in education for the not wealthy and in public good research, such as that dealing with the environment.  These trends are pretty strongly disfavorable at present.","I can feel the butt of jokes or the beneficiary of respect, depending on who I am talking too.  the US is very divided, bipolar.  I know, however, that I am on the side of the truth and the public good, so that is satisfying.",94.0,"Noble and interesting work is a great thing to have.  I feel very privileged to be able to spend my time studying the climate system, working with students and doing creative research.  I do not feel sorry for myself in any way shape or form.  I feel very lucky.  In a larger sense, though, I worry about my country and the world.  I worry we will not do the right things to ensure a bright and prosperous future.  I wonder if I am doing enough to push us toward a better future.","Only in the blogosphere, which I don't follow.  I have kept a low profile.  Sometimes I feel guilty when I see colleagues being persecuted by right wing haters in the private sector or in Congress.   I should do more to support them.",,5,2
1,17252,17252,1588.0,1,"39.862594604492","-105.19429779053",,1,80.0,1,,"United States",,"climate modeling",55.0,1,,1,,,2,2,2,6,2,6,6,2,2,6,6,6,5,5,5,1,6,5,1,6,1,6,5,5,1,6,1,6,1,6,33.0,33.0,5,5,5,5,5,5,0,0,0,0,0,0,0.0,5,5,4,5,5,5,5,1,0,0,25,0,0,0,100,17.857142857142858,5,5,5,4,5,5,4,4,3,3,4,4,4,4,4,4,4,4,4,4,4,4,4,4,4,4,4,0,0,1,1,0,0,0,0,0,0,0,0,0,0,0,0,0,0,0,0,0,1,1,0,2,88.0,"I have faith that the American population will continue to believe in climate change and global warming. Trump administration is proving to be viewed in an unpopular light and against its policies  that deal with climate change.",69.0,"Trump policies on climate change are not supported by facts. The future will win out in time.
","No.....I feel strongly that my view and of course most knowledge scientist feel the same.",18.0,"I continue to support and speak out on the scientific facts and ignore the attacks. I have had death threats and turned the over to the FBI. It has not effected or depressed me. For someone who is 80 and been attacked for my views on climate change...I can't change and nor should I.","See above.","Interest survey, I hope you  complete your studies and you go on to graduate school.",4,1
1,17252,17252,1024.0,1,"47.715698242188","-122.30099487305",,1,71.0,1,,"USA","USA","Atmospheric science",50.0,1,,1,,,3,4,6,5,3,4,6,6,6,5,5,2,4,3,1,2,5,4,3,4,1,6,1,1,2,5,2,5,5,2,18.0,23.0,4,5,4,3,4,5,25,0,25,50,25,0,20.833333333333332,5,4,5,5,5,5,2,4,0,25,0,0,0,0,25,7.142857142857143,,,,,,,4,4,4,4,4,4,4,4,4,4,4,4,4,4,4,4,4,4,4,4,4,0,0,0,0,0,0,0,0,0,0,0,0,0,0,0,0,0,0,0,0,0,0,0,0,0,58.0,"Periodic threats to science by the populace have occurred since the time of Galileo. This one will pass.",70.0,"The inability to achieve political consensus on mitigation of pollution and its effects on the climate and health are a big problem for future generations. The long time scale of these effects make it difficult to achieve consensus on mitigation, which will benefit future generations. The decrease in funding for relevant research disables the next generation to continue studying the problems.","It's worrisome. Understanding the problems require some moderately sophisticated knowledge of physics and math. I have that. Most people don't and are left to ""believe"" or disbelieve, like a religion. Cynical forces are able to manipulate public opinion in the disbelieving direction",6.0,"I don't need any.","Only occasionally, and it has only been a minor irritation. I am confident in what I do.","It is unwise for scientists to engage with politicians. That is a losing proposition that only leads to more negative opinion about science. We are better at science than politicians. But politics are better at politics that are scientists.",5,2
1,17252,17253,83472.0,1,"-35.276000976562","149.13439941406",,1,28.0,1,,"Australia","Australia","Science Communication",3.0,2,,1,,,4,4,4,4,3,4,4,4,4,4,4,4,3,3,3,3,4,4,3,4,3,4,3,3,3,4,3,4,3,4,21.0,22.0,3,3,2,4,2,3,50,50,75,25,75,50,54.166666666666664,3,2,3,2,4,5,2,4,50,75,50,75,25,0,25,42.857142857142854,5,5,5,3,5,3,1,3,4,4,4,3,4,3,4,4,3,3,4,3,4,4,4,3,3,4,4,3,1,0,0,0,1,0,1,0,0,1,1,0,1,0,0,0,1,1,0,0,0,2,9,11,50.0,"I feel hope because I have to. I spend quite a lot of my time talking about climate change and encouraging others to engage with the issue. If I conveyed a message of hopelessness, it would likely be a pointless exercise.",75.0,"I am extremely concerned for the future. Not because I will be directly impacted by climate change (I live above the poverty line in a very rich and geographically removed country). I am worried about the rest of the world. The globes poorest people in Africa and other countries that rely on agriculture for income. The areas that are already on the verge of civil unrest, and really just need one more drought or one more natural disaster to drive them to breaking point.

","I dont notice any social repercussions as a result of my feelings on climate change. My friends and colleagues have the same beliefs, read the same news and media sources, support each other and reinforce each others beliefs. Just like anyone else (including climate deniers).

I feel scared, and driven to act. Sometimes I feel paralysed by the issue and I ignore it.",55.0,"I vacillate between working as hard as I can to convert people and facilitate change - and ignoring the issue and trying to live my life as though it doesn't exist.","Several. The first one rattled me and made me feel in over my depth. But I've gained a bit more perspective since then.

Generally it is the extreme end of the denying spectrum that are driven to attack my work. I remind myself that they are a small (albeit vocal) minority that I am not trying to reach. They also only shout loudly to their immediate group, who I'm similarly disinterested in engaging with.",,4,1
1,17252,17253,87133.0,1,"-33.920196533203","151.22241210938",,1,33.0,1,,"Australia",,"Research Fellow - climate scientist.",10.0,1,,1,,,6,5,3,5,4,5,6,6,6,3,5,4,1,2,4,2,5,3,2,5,1,6,1,1,4,3,2,5,3,4,18.0,22.0,3,2,1,4,1,3,50,75,100,25,100,50,66.66666666666667,3,2,3,2,4,5,4,2,50,75,50,75,25,0,75,50.0,,,,,,,3,4,3,4,3,4,4,3,3,4,3,3,3,3,4,4,4,4,4,4,4,1,0,1,0,1,0,0,1,1,0,1,1,1,1,0,0,0,0,0,0,0,3,1,5,9,19.0,"I think that mankind is far from doomed, as a species, but that our quality of life will significantly suffer on our current trajectory of carbon emissions because of the knock-on effects of climate change on resource availability, famine, war, etc.. This is the primary source of my concern.

I also worry more philosophically about the fate of humanity if we are unable to accept collectively basic scientific findings.",66.0,"Most is the same as above really. Except no matter what happens to mankind the universe will keep on ticking, and life if it hasn't already sprung up somewhere else will likely do so again. This is one thing that brings me comfort and that I probably appreciate more than others.","Socially I feel like no one really gets it. I've stopped trying to be alarmist, but when people ask me about climate change and the future I do not try and sugar coat my thoughts (have to call a spade a spade, as they say).",49.0,"Exercise, regular sleep, down time, hobbies.","No.",,4,1
1,17254,17254,457.0,1,"43.594192504883","13.503402709961",,1,69.0,1,,"UK",,"Emeritus Prof - Arctic research",47.0,5,"ScD",1,,,5,5,5,3,4,2,4,5,5,2,2,2,2,2,2,4,3,3,5,2,3,4,2,2,5,2,5,2,5,2,12.0,16.0,3,2,2,2,2,2,50,75,75,75,75,75,70.83333333333333,2,2,2,2,3,3,4,2,75,75,75,75,50,50,75,67.85714285714286,3,3,3,3,3,3,3,4,3,4,3,3,4,3,4,2,3,3,3,3,3,3,3,3,3,3,2,1,0,1,0,1,1,0,1,0,2,1,1,1,1,1,1,1,1,1,1,2,9,3,7,19,4.0,"Knowledge of the impact of greenhouse gas induced climate change on planet, and absolute failure of human race to reduce emissions of such gases",100.0,"Certainty of runaway climate change","Angry",96.0,"I write angry books","Yes, many. Ad hominem insults on email. Attacjks by colleagues who are modellers and dislike implications of data. Dismissal by cowardly politicians",,5,2
1,17255,17255,1098.0,1,"55.666702270508","12.583297729492",,1,35.0,1,,"Denmark","Greenland","senior researcher - glaciology and climate",6.0,1,,1,,,2,2,2,5,2,5,5,4,2,4,4,4,5,5,5,2,5,5,2,5,2,5,3,5,3,4,3,4,3,4,27.0,28.0,3,3,2,3,3,4,50,50,75,50,50,25,50.0,3,4,3,4,4,4,3,3,50,25,50,25,25,25,50,35.714285714285715,2,2,2,3,4,3,2,3,3,3,2,4,4,3,3,4,4,3,3,2,4,4,4,2,3,4,3,2,1,1,1,2,0,0,1,1,0,0,1,1,2,0,0,0,2,1,0,1,5,4,8,17,25.0,"With every IPCC report, I feel less optimistic that society will avert the worst effects of climate change.",73.0,"I am most worried about the burden we are placing on our childern, in terms of passing climate change adaptation to future generations rather than engaging in climate change mitigation this generation. I think it now seems likely that inter-generationally decreasing social order will be a knock-on effect, and I will not be able to ensure the economic viability of my childer and grand-children.","I have mostly stopped laughing at climate change jokes, because having a sense of the breadth of implications makes it a grim topic. It seems finding comedy in climate change is just exposing ignorance.",62.0,"alcohol and activism","Just a few. The first couple hate emails are almost a pleasant surprise: ""somebody noticed me!"". But the novelty quickly evaporates, especially when hate letters arrive by post. It is easy to delete and forget emails, but the posted hate letters can roll around in my head for a week. Probably because there is a physical connection with someone who is (likely) mentally unstable and displeased with you. Now I have a closely monitored internet. No FaceBook page. Just a webpage and Twitter account that point to","Seems like funding threats to climate change research in both Australia and US are an issue that straddles professional and personnal finances.",4,1
1,17255,17255,898.0,1,"32.217300415039","-110.7553024292",,1,62.0,2,,"USA",,"Professor of Geography - climate and society",38.0,1,,1,,,4,4,3,4,4,4,4,5,4,4,4,2,3,3,4,3,4,3,3,4,3,4,2,3,3,4,3,4,5,2,20.0,20.0,2,3,3,3,2,2,75,50,50,50,75,75,62.5,2,2,3,3,4,4,3,3,75,75,50,50,25,25,50,50.0,3,3,3,2,3,3,2,4,3,4,1,3,4,4,4,3,4,3,2,4,3,3,3,4,4,4,4,2,0,1,0,3,1,0,0,0,1,0,1,2,0,1,1,1,0,0,0,0,9,1,4,14,44.0,"I am very depressed about the Trump Administrations positions and policies on climate change.  It feels as though decades of work is being undone.  I was already frustrated that the US federal government's slow action on climate change.  My students make me feel hopeful because of their concern for environmental and social justice.",68.0,"I am worried for people younger than I who will experience climate change and for my younger colleagues who are seeing funding cuts.  I also worry about the poor in the developing world and wildlife that are very vulnerable to climate change.","I am frustrated at the partisan conflict about climate change in the US.  Given what I know I worry about future generations and people in the developing world.",99.0,"Talk to friends, watch escapist TV and films, meditate, overeat, sleep, play with dog","Yes, climate skeptics sometimes challenge me in public lecture or criticized me in comments sections.  I dont take it too personally - it just contributes to general frustration about skeptics.","more about how we cope perhaps?  Do we belong to supportive organizations? Do we share our views using social media?  Is it worse now than in the past? Are we worried about funding for our staff and students?",5,2
1,17256,17256,1126.0,1,"51.533294677734","-0.10000610351562",,1,56.0,1,,"UK","UK","social scientist studying climate discourse - previously climate scientist",35.0,1,,3,,"Yes, but 'the grave threat to the planet' bit of it needs unpacking; not as simple as this",1,5,3,6,5,6,6,4,4,6,5,6,6,2,4,1,6,2,1,6,1,6,3,3,1,6,2,5,1,6,30.0,25.0,4,4,4,5,3,5,25,25,25,0,50,0,20.833333333333332,4,5,5,4,5,5,2,4,25,0,0,25,0,0,25,10.714285714285714,5,5,4,2,4,5,3,4,4,4,4,4,4,4,4,4,4,3,4,4,4,4,4,4,4,4,4,1,0,0,0,0,0,0,0,0,0,0,1,0,0,0,0,0,0,0,0,0,0,0,2,2,63.0,"The irrepressibility of the human spirit.  Human ingenuity.  Humans have huge adaptive capacity.  Humans always try, try and try again.",32.0,"My worry, such as it is, is nothing to do with climate change - but much more about terrorism and about my daughter's health.","My moods are not affected by my knowledge of climate change.",67.0,"Sleep, eat and exercise.  Invest in human relationships.  Spiritual meditation.","Yes, some.  As an academic one should expect this.  In fact it shows one is appropriately engaged in civic and political life.","There is a flaw in this questionnaire.  I am a climate change scholar and you are seeking to evaluate my mental health.  The implication is that you can draw a causal connection between the two.  But for many of the questions you have asked the reasons for my moods or physical stress might have nothing to do with the fact that I study climate change professionally, but an awful lot to do with the fact that in my professional life I have (a) challenges from my employer; (b) the responsibility of seeking funding for my research team; (c) anxieties about my personal life; (d) a disillusionment with the higher education sector in which I work; etc., etc.  You have no way of ascertaining whether my mental/physical health is a consequence of my study of climate change vs any of these other factors.  At the very least you need a control sample of academics/scientists who work in non-climate change topics, otherwise I cannot see how you can reach any valid conclusions.",4,1
1,17256,17256,1696.0,1,"33.85710144043","-111.783203125",,1,54.0,1,,"USA","USA","Carbon Cycle scientist, a subset of climate science",20.0,1,,1,,,6,4,3,6,3,5,6,4,6,4,4,3,1,3,4,1,6,4,2,5,1,6,3,1,3,4,3,4,4,3,17.0,27.0,3,4,3,4,3,4,50,25,50,25,50,25,37.5,2,2,4,3,4,5,3,3,75,75,25,50,25,0,50,42.857142857142854,3,2,2,2,1,2,2,4,3,4,4,3,4,2,4,4,3,3,4,2,4,4,3,3,4,4,4,2,0,1,0,0,1,0,2,0,0,1,1,0,2,0,0,1,1,0,0,0,2,0,10,12,35.0,"I feel hopeful when I interact with undergraduate students - the optimistic outlook that perhaps comes with youth reminds me not to despair and that there still are many that aren't worn down by the lack of action on climate change and the cynical denialism.

However, after working in this field for over 30 years, and seeing the sometimes backward motion of policy, it counters the feelings of hope. I used to engage and contribute what I could to put down the contrarian arguments and the denialism as a form ",72.0,"I worry that so many of the natural wonders and beauty of the world will be gone. I have been a scuba diver for 25 years. During that time I have returned to many locations and can see the rapid decline of places that were my window into understanding how beautiful and precious the natural world is. The thought that my children will never see a vibrant, healthy coral reef is a devastating thought. I do not worry about human existence - the wealthy nations will adapt and engineer an existence. However, it wi","Initially, it was empowering - when understanding was on the upswing among the public and policymakers. Now, it can sometimes feel like ignorance would perhaps be easier.",88.0,"Compartmentalization. Focusing on the isolated scientific challenges without simultaneously playing out the endpoint (how does it fit into the current political condition on climate change). Perform what you can in your own life to provide an example and achieve some sort of personal balance (solar panels, electric car, led lights, etc).","Yes. Papers that generated press had the usual seemingly endless denialist attacks on websites. I have received personal snail mail and email that is angry and personal. Been attacked in public policy settings by denialists. One hates to admit this impacts you, but it does. For me, it has meant that I will take a pass on engaging with the media because on balance, the outcome isn't worth it.",,4,1
1,17258,17258,988.0,1,"48.86279296875","2.3291931152344",,1,62.0,1,,"USA","USA","atmospheric scientist studying climate",45.0,1,,1,,,3,2,3,6,3,5,6,3,3,4,4,4,4,5,4,1,6,4,2,5,1,6,4,4,3,4,3,4,3,4,24.0,30.0,3,3,4,4,3,4,50,50,25,25,50,25,37.5,4,5,4,4,5,5,2,4,25,0,25,25,0,0,25,14.285714285714286,,,,,,,3,3,4,4,3,4,4,4,4,4,3,4,4,4,4,4,4,3,4,4,4,1,1,0,0,1,0,0,0,0,0,1,0,0,0,0,0,0,1,0,0,0,1,1,3,5,72.0,"I see that most of the world recognizes that humans are causing climate change and that this change poses problems.  I also see that most people in my country (USA) have the same recognition and that many business enterprises are also recognizing this.  It is discouraging that the US government is filled with people who think otherwise, but the world is moving ahead on this issue, and the U.S. government will have to catch up to this recognition soon.",29.0,"No particular reason.  I have concerns about stability and security, but I also see that the overwhelming majority of people around the world want the same basics:  food, shelter and clothing for themselves and their children and a stable life.","I feel motivated to work to help the world be a better place.",87.0,"I try to recognize that I cannot change matters overnight, and that the reality of climate change will bring people to act appropriately.  I also see that there is much change already occurring, such as the development of renewable energy sources.","I have received little direct attack.","I just keep forging ahead with my climate work.  Change in and by people is slow, and I recognize that.",5,2
1,17259,17259,1646.0,1,"51.75","-1.25",,1,62.0,1,,"UK","Australia","Professor, teaching and research on climate science, climate variability and climate change.",37.0,1,,1,,,6,4,4,6,4,4,6,4,5,4,5,4,1,3,3,1,6,3,3,4,1,6,3,2,3,4,2,5,3,4,19.0,25.0,4,4,5,5,3,5,25,25,0,0,50,0,16.666666666666668,4,3,4,4,4,5,2,4,25,50,25,25,25,0,25,25.0,4,4,4,3,4,5,3,4,3,4,3,3,3,3,3,4,3,3,4,3,4,4,4,4,4,4,4,1,0,1,0,1,1,1,1,1,0,1,1,0,1,0,0,0,0,0,0,0,2,2,6,10,35.0,"There are reasons to be hopeful about the future, in terms of rapid developments and implementation of renewable energy and zero emissions energy sources. However, there are also many reasons to feel that there is little hope for global actions to be fast enough to limit global warming to less than 2C above pre-industrial levels.",59.0,"I am worried that the impacts of global warming that is locked in will adversely impact young people and future generations, particularly in developing countries, even though it has mainly been caused by the current generation and developed countries.","My knowledge of climate change makes me more determined to better communicate the science of climate change and its impacts to a wider community, so that I can better influence national policy. 

I am beyond depression, a phrase I learned from Bob Brown. If I give up my efforts to address climate change because it is such a wicked problem, then how can I expect others to continue their efforts?",23.0,"I talk with colleagues from a range of disciplines about my work, I seek reassurances on the value of my work and I receive considerable positive feedback. I also provide frequent positive feedback to others working on climate change.","Yes, I have received  substantial amounts of public and political attacks on my research. This has been very time consuming. However, it has also made me more determined to continue.",,4,1
1,17265,17265,752.0,1,"48.841201782227","2.3876037597656",,1,70.0,1,,"France",,"Paleaclimatology",49.0,1,,1,,,2,2,3,4,4,6,6,4,5,2,4,2,5,5,4,3,4,3,1,6,1,6,3,2,5,2,3,4,5,2,19.0,27.0,4,3,3,4,3,5,25,50,50,25,50,0,33.333333333333336,4,3,5,4,5,5,2,4,25,50,0,25,0,0,25,17.857142857142858,,,,,,,3,2,4,4,4,3,4,3,4,3,4,3,4,3,4,3,2,3,4,4,4,1,2,0,0,0,1,0,1,0,1,0,1,0,1,0,1,2,1,0,0,0,4,2,6,12,38.0,"I was optimistic after the Paris agreement very aware however of the fact that commitments are not aligned with the 2°C objective, and that we need more ambitious commitments. I am now much less optimistic with the election of Donald Trump and the risk of US withdrawal from the agreement",58.0,,"
A lot as I have dedicated most of my research to global change issues",24.0,," Yes (from climate skeptics°",,5,2
1,17272,17272,1211.0,1,"52.112396240234","5.1921997070312",,1,55.0,1,,"Netherlands","same","atmospheric scientist",30.0,1,,3,,"It is occurring. Whether it's a grave threat I cannot judge.",2,4,3,6,4,5,6,3,3,5,5,4,5,3,4,1,6,3,2,5,1,6,4,4,2,5,2,5,3,4,27.0,27.0,4,4,4,5,4,5,25,25,25,0,25,0,16.666666666666668,4,4,4,4,4,4,2,4,25,25,25,25,25,25,25,25.0,3,4,4,4,4,4,4,4,4,4,4,3,4,4,4,4,4,3,4,4,4,4,4,4,4,4,4,0,0,0,0,0,1,0,0,0,0,0,1,0,0,0,0,0,0,0,0,0,0,0,2,2,71.0,"If real problems arise, the world will try to solve them.
The protection of the ozone layer by the Montreal Protocol is a good example.",40.0,"After all, many thing go better and better. The number of very poor people decreases. More people get a better income. Etc.","Not that much. Climate change is for me not the most important problem.",72.0,"none","Not on my work, But I had many discussions with climate sceptics. That was quite boring, because their knowledge of climate is so small and they introduce no new physical arguments against anthropogenic climate change.",,5,2
1,17273,17273,477.0,1,"-38.029098510742","145.10269165039",,1,58.0,1,,"Australia",,"Climate scientist",33.0,1,,1,,,2,3,3,5,4,4,5,4,3,6,4,4,5,4,4,2,5,3,3,4,2,5,3,4,1,6,3,4,3,4,27.0,24.0,4,5,4,4,4,5,25,0,25,25,25,0,16.666666666666668,4,5,3,3,4,5,2,4,25,0,50,50,25,0,25,25.0,,,,,,,3,4,4,4,4,4,4,4,4,3,4,4,3,4,4,4,4,4,4,4,4,1,0,0,0,0,0,0,0,0,1,0,0,1,0,0,0,0,0,0,0,0,2,0,1,3,50.0,,79.0,,,27.0,,,,5,2
1,17274,17274,600.0,1,"51.75","-1.25",,1,48.0,1,,"Unied Kingdom",,"Professor, physical oceanography",27.0,1,,1,,,3,3,3,4,1,4,5,2,2,5,4,4,4,4,4,3,4,6,3,4,2,5,5,5,2,5,3,4,3,4,26.0,28.0,4,4,3,3,3,4,25,25,50,50,50,25,37.5,3,4,3,3,5,5,2,4,50,25,50,50,0,0,25,28.571428571428573,,,,,,,3,4,4,4,4,3,4,4,4,4,4,4,4,4,4,4,4,3,4,4,4,1,0,0,0,0,1,0,0,0,0,0,0,0,0,0,0,0,1,0,0,0,0,0,3,3,69.0,"Optimistic that technological solutions will eventually be found.",56.0,"Climate change will get a lot worse before there is wide acceptance of the need to act. But I'm more worried about political upheavals, not least the current US president who has the potential to do a lot more damage through starting military conflict.","I get frustrated by the politicisation of my science.",77.0,"My work is mostly a positive influence on my well-being. i enjoy what i do; many people don't.","No (other than spam email)",,5,2
1,17274,17274,958.0,1,"50.984603881836","-1.3990020751953",,1,54.0,1,,"UK","UK","oceanographer",27.0,1,,3,,"Climate change is a serious threat. Anthripogenic contribution is part of it and a safe working hypothesis but not exclusively responsible.",6,6,4,4,3,3,3,4,5,2,3,3,1,1,3,3,4,4,4,3,4,3,3,2,5,2,4,3,4,3,14.0,18.0,3,4,2,2,2,4,50,25,75,75,75,25,54.166666666666664,2,2,2,2,3,4,3,3,75,75,75,75,50,25,50,60.714285714285715,4,4,4,2,4,4,2,4,3,4,3,3,4,4,4,2,3,3,4,3,4,3,4,4,4,4,4,2,0,1,0,1,1,0,0,0,2,1,1,0,1,0,1,0,0,0,0,0,5,0,6,11,34.0,"Environmental science funding is significantly reduced and it will be reduced further. Political polarisation in the scientific aspects of climate change makes proper scientific questioning difficult.",62.0,"Job security, continuation of research.","I do not think it is related to knowledge but rather to the area of activity.",70.0,"exercise, holidays, developing alternative working lines","Yes I have. Stressed but no more stressed than in any attack on my research.",,5,2
1,17275,17275,689.0,1,"40.238800048828","-74.698799133301",,1,63.0,1,,"USA","USA","Climate scientist",40.0,2,,1,,,2,2,1,6,2,5,5,3,2,4,4,5,5,5,6,1,6,5,2,5,2,5,4,5,3,4,3,4,2,5,29.0,30.0,4,4,5,5,5,3,25,25,0,0,0,50,16.666666666666668,5,5,3,4,5,5,1,5,0,0,50,25,0,0,0,10.714285714285714,3,3,2,1,3,3,3,4,4,4,4,4,4,4,4,4,4,4,4,3,4,4,4,4,4,4,4,1,0,0,0,0,0,0,0,0,0,0,0,0,1,0,0,0,0,0,0,0,0,0,2,2,95.0,"Hope is a emotion that all people need to have to be successful in the future. Things will get better....",24.0,"There are many ways for humans to mess up the future. But there are many more ways to make it better.","Climate change is one of the things that may make things harder in the future. There are many others.",0.0,"I am very religious.","Yes. It makes me angry because there is no easy way to have a meaningful discussion of the facts. The problem cannot be resolved easily.","no",5,2
1,17279,17279,3432.0,1,"38.98420715332","-77.084197998047",,1,74.0,1,,"USA",,"Now, officially retired from atmospheric scientist/climate modeling program leader career lasting 34 years, but now still active after nearly 15 years  affiliated with a small NGO, engaged on essentially full-time basis promoting scientific understanding and positive steps that can be taken to deal with climate change.",50.0,1,,3,,"I actually think that the IPCC is too cautious in its statements about the risks and pace of change",5,4,6,4,4,4,4,4,5,4,3,3,2,3,1,3,4,3,3,4,3,4,3,2,3,4,4,3,4,3,15.0,21.0,3,3,4,4,3,5,50,50,25,25,50,0,33.333333333333336,3,4,3,3,3,4,3,3,50,25,50,50,50,25,50,42.857142857142854,3,3,3,3,3,3,2,3,3,4,3,4,4,3,4,4,4,3,3,3,4,3,4,4,4,4,4,2,1,1,0,1,0,0,1,0,0,0,1,1,1,0,1,0,0,0,0,0,4,1,5,10,58.0,"On the one hand, there are potential technological paths to take and more are becoming available. In addition, after being engaged in the human effects of climate change since 1970s, I'm very pleased to see all of the interest and participation of young people, all the increasing efforts around the world, and more visible efforts by some who are older trying to push more and more aggressively for change. And, to not have hope is just too depressing.

On the other hand, there is too limited expression of the",74.0,"It is amazing how a relative few can so cloud the issue and obstruct action, and now threaten to tear apart the whole scientific structure that has tried to warn them of the emerging threats and risks. Were it not for the momentum created by technological advances that are making clean energy more and more economically dominant, I would be extremely worried. I am just hopeful that human innovation will come through in time to avoid the very worst outcomes that the recalcitrant minority is taking us towards ","Well, first, I have been failing retirement now for about 15 years. That is, I retired early as my position with the GW Bush Administration had become untenable, and yet have kept very actively involved in the issue, virtually all on a voluntary basis rather than seeking a paid position--a choice made primarily, I'd say, because I wanted to have the freedom to keep pushing on the issue over this time. So, it well might be said of me that I am hooked on this issue and have been unwilling to withdraw and no l",77.0,"Play with grandchildren; my wife has been planning more and more vacations and family trips to help divert attention from my near addiction to pushing on the issue; and getting engaged deeply in other activities that will concentrate my attention (like serving as editor of 50th reunion book for college class); etc. I do also try to imagine what success could be rather than focus on how bad failure could be.","Criticisms of viewpoints and accusations of bias and closed mindedness--of course. A couple of lawsuits against projects I've worked on--sure. Physical or direct threats--no, though I have close colleagues who have experienced this.

The attacks, limited on me and more serious on others, has made me engage even more strongly, try to find even more ways to communicate and engage, etc. I have tried in my responses to the critics, in my debates with some of them, to keep the focus on issues rather than on pers","The additional words I'd suggest express the attitudes and approaches of those involved are dedicated and determined--we just do not feel that we can give up to the nonsense and prospective harm of the other side's views.",4,1
1,17286,17286,461.0,1,"53.516693115234","-1.3166961669922",,1,44.0,2,,"UK","Europe wide, Australia","Professor - climate governance/politics",22.0,1,,1,,,4,2,2,5,2,6,6,3,4,6,6,6,3,5,5,2,5,5,1,6,1,6,4,3,1,6,1,6,1,6,29.0,31.0,3,3,3,5,3,5,50,50,50,0,50,0,33.333333333333336,4,4,5,3,4,5,2,4,25,25,0,50,25,0,25,21.428571428571427,4,4,4,4,5,5,3,3,4,4,4,3,4,3,4,4,4,4,3,3,4,4,4,4,4,4,4,1,1,0,0,0,1,0,1,0,0,0,0,1,1,0,0,0,0,0,0,0,1,1,4,6,79.0,"There are so many opportunities to take action, and a lot of the work I do traces these possibilities.",62.0,"There is a lot of evidence that people dont care too much for the future, and we need to start to be able to take it more into account in what we do today","Its ever present. And there is a frustration that many other academics can go ahead with their work as if it is a separate issue that has no bearing on what they are doing. But generally I feel pleased I have the opportunity to work on something so significant and make a difference to students, colleagues, research and policy agendas.",12.0,"Try to take some time off, and with young children and working part-time for the past 10 years this has been rather compulsory.","No","No",5,2
1,17320,17320,1441.0,1,"39.660293579102","-104.76809692383",,1,58.0,1,,"USA",,"Faculty in atmospheric science - trends in observed precipitation",30.0,1,,3,,"I think the IPCC has oversimplified the conclusions which makes them vulnerable",5,3,2,6,3,5,6,1,5,4,5,4,2,4,5,1,6,4,2,5,1,6,6,2,3,4,2,5,3,4,22.0,31.0,3,5,4,5,3,5,50,0,25,0,50,0,20.833333333333332,4,4,5,3,5,5,1,5,25,25,0,50,0,0,0,14.285714285714286,5,5,4,5,5,5,4,4,4,4,4,4,4,4,4,4,4,4,4,4,4,4,4,3,4,4,4,0,0,0,0,0,0,0,0,0,0,0,0,0,0,0,0,0,1,0,0,0,0,0,1,1,65.0,"While government support for climate science ebbs and flows, there is a great deal of innovation in our society that seeks to address climate issues from a business perspective.  The latter will ultimately prove to be the more important component in dealing with climate change.",61.0,"I don't worry much about the ability of developed nations to cope with climate change.  I worry about the underdeveloped nations and the hardship this can cause - potentially even leading to destabilizing conflicts.","I view my job as being a fair arbiter of what we know and don't know so that society can make informed decisions.  This makes me feel useful.  There is a lot of rhetoric around the subject but I always use the example that in a recent survey, 23% of people responded that the Earth was flat.  None of them, however, were in the international shipping business.  Nobody who needs to do business in the climate system ignores the current research.",87.0,"I don't feel I need any beyond an occasional Scotch.","I have answered questions in congress but they were largely to inform congressional delegations rather than attacks.",,5,2
1,17321,17321,1127.0,1,"-42.883193969727","147.33169555664",,1,65.0,1,,"AUSTRALIA",,"Research Scientist - Oceanography, ocean heat content, sea level",30.0,1,,1,,,3,3,4,4,3,4,5,4,4,5,5,5,4,4,3,3,4,4,3,4,2,5,3,3,2,5,2,5,2,5,25.0,24.0,4,5,3,4,4,5,25,0,50,25,25,0,20.833333333333332,4,4,5,5,5,5,2,4,25,25,0,0,0,0,25,10.714285714285714,4,4,3,2,4,3,2,4,4,4,3,3,4,4,4,4,4,4,4,3,4,4,4,4,4,4,4,2,0,0,0,1,1,0,0,0,0,0,0,0,1,0,0,0,0,0,0,0,1,0,4,5,67.0,"We have the ability to change the world to a better place - it just take commitment",74.0,"Sometimes I am concerned we do have enough commitment to change things.","energised, but concerned",89.0,"exercise","yes.  Tried to react with a positive response.",,5,2
1,17321,17321,955.0,1,"51.416702270508","-0.46670532226562",,1,49.0,1,,"U.K.","U.K.","Professor Physical Climate Change",27.0,1,,1,,,6,5,5,4,4,5,5,4,6,5,6,5,1,2,2,3,4,3,2,5,2,5,3,1,2,5,1,6,2,5,20.0,22.0,3,3,3,4,3,4,50,50,50,25,50,25,41.666666666666664,3,3,3,3,3,3,3,3,50,50,50,50,50,50,50,50.0,2,2,2,2,3,4,3,4,4,4,4,3,4,3,3,4,4,3,3,2,4,4,3,3,4,4,3,1,0,0,0,0,1,0,1,1,0,0,1,1,2,0,0,1,1,0,0,1,3,1,7,11,74.0,"We are going through a bad patch in UK and US. With weak badly informed and uninterested governments. I'm confident that this is tempory but it is hard work and exhausting while it lasts. I have great confidence in young scientists",31.0,"Great solutions out there - world is changing for better","I find it frustrating when even close friends don't get it and ask is it real..",66.0,"Exercise with friends - countryside and fresh air","Yes - but mainly email/twitter - odd phone call. It makes me work harder at communication","I have changed recently from generally being a super optimist to being a bit dispairing of my country men and the US",4,1
1,17322,17322,520.0,1,"50.699996948242","-3.5332946777344",,1,48.0,1,,"UK","UK","Physical climate change, modelling",24.0,1,,1,,,2,2,2,6,2,6,6,2,2,5,6,6,5,5,5,1,6,5,1,6,1,6,5,5,2,5,1,6,1,6,32.0,33.0,4,5,4,5,4,5,25,0,25,0,25,0,12.5,5,4,4,5,5,5,2,4,0,25,25,0,0,0,25,10.714285714285714,2,3,5,4,5,5,3,4,4,4,3,4,4,4,4,4,4,3,4,4,4,4,4,4,4,4,4,1,0,0,0,1,0,0,0,0,0,0,1,0,0,0,0,0,0,0,0,0,1,0,2,3,88.0,"Hopeful that climate science will continue and that we can better understand how the climate system works",10.0,"I feel quite confident about my own future.","No",90.0,"My work enriches my well being","Just low-level twitter trolling",,4,1
1,17322,17322,1077.0,1,"40.714797973633","-73.793899536133",,1,50.0,1,,"United States","United States","Manager/principal investigator climate modeling",23.0,1,,1,,,2,4,4,4,2,5,6,4,4,4,4,3,5,3,3,3,4,5,2,5,1,6,3,3,3,4,3,4,4,3,22.0,26.0,3,4,4,5,3,4,50,25,25,0,50,25,29.166666666666668,4,5,3,3,4,5,2,4,25,0,50,50,25,0,25,25.0,4,4,4,4,5,5,3,3,4,4,3,4,4,4,4,4,4,4,4,4,4,4,4,4,4,4,4,1,1,0,0,1,0,0,0,0,0,0,0,0,0,0,0,0,0,0,0,0,1,1,1,3,63.0,"Despite setbacks and ongoing stupidity across a wide range of politicians that is tempered by impressive increases in awareness elsewhere, continued progress in clean tech, and increases in international ambitions.",50.0,"There's a lot that can go wrong and many consequences may not be foreseeable clearly. But we can also see what a more efficient, cleaner future might look like - if we can get there.",,53.0,,"It is initially troubling and stressful, but once you are over the hump and the spotlight moves somewhere else, you can see it as the non-personal ephemera that it is. Once you divorce a politicized attack on you as a symbol from something that is personal, it's much easier to cope.",,5,2
1,17322,17322,565.0,1,"43.097198486328","-89.504302978516",,2,68.0,1,,"Usa",,"Ecosystem science",45.0,1,,1,,,6,6,6,2,6,2,4,6,6,4,4,4,1,1,1,5,2,1,5,2,3,4,1,1,3,4,3,4,3,4,15.0,11.0,3,3,3,2,3,4,50,50,50,75,50,25,50.0,3,3,3,3,3,3,3,3,50,50,50,50,50,50,50,50.0,3,3,3,3,3,,3,4,3,4,4,2,4,4,4,4,3,4,3,4,4,4,4,4,4,4,4,1,0,1,0,0,2,0,0,0,0,1,0,1,0,0,0,0,0,0,0,0,2,0,4,6,19.0,,77.0,,,23.0,,,,5,2
1,17323,17323,977.0,1,"51.63330078125","-0.76669311523438",,1,43.0,1,,"UK",,"Climate Scientist",20.0,1,,1,,,5,4,3,4,3,4,5,4,5,2,4,4,2,3,4,3,4,4,3,4,2,5,3,2,5,2,3,4,3,4,18.0,23.0,2,4,3,3,2,3,75,25,50,50,75,50,54.166666666666664,3,2,2,1,2,2,2,4,50,75,75,100,75,75,25,67.85714285714286,4,4,4,4,4,4,2,3,3,3,2,2,4,2,3,2,2,2,2,2,3,3,3,2,4,4,3,2,1,1,1,2,2,0,2,1,2,2,2,2,2,1,1,1,2,0,0,1,10,4,14,28,39.0,"There will be serious consequences of continued greenhouse gas emissions but technology and markets will adapt somewhat.",75.0,"I worry about the world my son will inhabit and how the poor will be affected by climate change","Knowledge of serious threat but somewhat detached from life",96.0,"Get throug day at a time, see friends","Some, this has upset me but made me stronger",,5,2
1,17323,17323,1645.0,1,"59.904998779297","10.74870300293",,1,49.0,1,,"Norway","Norway","Climate analysis and downscaling climate information for study of local consequences to climate change and variability",25.0,1,,1,,,4,4,4,4,4,4,5,4,4,5,4,4,3,3,3,3,4,3,3,4,2,5,3,3,2,5,3,4,3,4,22.0,22.0,3,5,4,5,3,5,50,0,25,0,50,0,20.833333333333332,4,5,4,3,3,3,3,3,25,0,25,50,50,50,50,35.714285714285715,1,3,2,4,3,3,2,4,4,4,3,3,4,4,3,3,3,2,4,3,4,2,4,3,4,4,3,2,0,0,0,1,1,0,0,1,1,1,2,0,1,0,2,0,1,0,0,1,5,1,8,14,53.0,"Since 2007, the climate issue has become an important point in top politics. Most countries are rethinking solutions such as cutting emissions and invest in renewables. There are a few exceptions who are likely to be the losers in the future while the rest of the world moves on. But success depends on several things: technology, politics, values, the economy, and reducing crime (e.g. closing tax havens that allow cheating and responsibility avoidance).",59.0,"There are strong irrational currents taking over, such as conspiracies, alt-right, nationalists, and science denials. Now, both the Middle East and the Mid-West are homes for non-compromising irrational beliefs based on various religions. The question is whether people will come to their senses, which is necessary for success. On the other hand, if the US disintegrates into chaos (e.g. through extensive deregulation and tax breaks), then it will become more like Mexico with a weaker economy, it will have a ","Yes",29.0,"Be optimistic and soldier on. Talk to fellow people and colleagues. Besides, climate is one of many issues, and in many other respects, the world is improving (e.g. health, standard of living).","Yes. It's both perplexing and worrying. The worrying past is the stupidity on which it is based. It's perplexing as we are all in the ""same boat"" and we should all have the same interest to safeguard our planet - for that, we need the best possible description of the current state and where alternative options are likely to lead us. It's great to debate the science and challenge the facts if based on genuine scientific reasoning, but not when it comes to undermine science itself.","I have spent a few years in the US, and living in Norway and the US is very different. Norwegians are in general more content, relaxed and far less paranoid. Also, there is a great deal of support to climate sciences, and the contrarians/alt-right movement is still a fringe phenomenon.",4,1
1,17323,17323,787.0,1,"37.732696533203","-89.203399658203",,1,42.0,1,,"USA","USA","Professor and Chair - Climate Science",20.0,1,,1,,,5,5,5,5,2,4,6,5,5,3,4,3,2,2,2,2,5,5,3,4,1,6,2,2,4,3,3,4,4,3,16.0,24.0,3,4,4,5,3,4,50,25,25,0,50,25,29.166666666666668,4,3,3,4,5,5,2,4,25,50,50,25,0,0,25,25.0,,,,,,,1,3,4,4,3,3,4,3,4,4,3,3,3,3,4,4,4,3,4,4,4,3,1,0,0,1,1,0,1,0,0,1,1,1,1,0,0,0,1,0,0,0,2,1,9,12,64.0,"Seeing blatant disinformation related to climate science is difficult.  Knowing that folks are purposely misleading the public  is troublesome.  My hopefulness comes from a feeling that honesty always wins in the end.  In time, the reality of climate change will be harder and harder to deny.  In fact, the tune of anti-intellectual climate denialists has already changed.  In just the past few years, the argument has gone from ""the data aren't reliable"" to ""of course the world is warming, but taking action wo",66.0,"This response may seem to contradict the previous one, but my hope is tempered with some concern that action on climate change will be delayed or that we are already committed to climate change beyond the levels that we think we are committed to.","I have to bite my tongue a lot.  I don't really want to give lectures about climate science at parties, but sometimes it happens!",52.0,"I try to disconnect my work life and personal life, but it isn't possible.  I think that most effects are not related to the subject that I study, but rather to the administrative burden that I feel as a department chair.","Not directly, but climate science is constantly under attack.  When you have dedicated a large chunk of your life to a topic and then hear people describe it as junk science, it is hard not to take it personally.",,5,2
1,17323,17323,1271.0,1,"28.063095092773","-82.412803649902",,1,49.0,1,,"United States",,"associate professor of marine science -- I teach graduate students and conduct research on ocean dynamics, climate change, and sea level rise",20.0,1,,3,,"This is a poorly worded question, as there are two distinct questions. Yes, I am in agreement that anthropogenic-caused climate change is occuring. I do have to quible a little about the second question (is it a grave trhreat to the planet). That's a lot more nuanced and harder to answer with a simple yes and no. The planet will survive no matter what we do. Climate change is a grave threat to human society. Unless we change or start planning to adapt, I am not certain that human society will be better a few hundred years from now.",4,3,3,5,2,5,6,3,4,4,5,5,3,4,4,2,5,5,2,5,1,6,4,3,3,4,2,5,2,5,24.0,29.0,4,4,4,4,4,4,25,25,25,25,25,25,25.0,5,4,5,4,5,5,2,4,0,25,0,25,0,0,25,10.714285714285714,3,3,2,2,2,3,4,2,4,3,2,4,4,4,4,4,3,4,4,4,4,4,4,3,3,4,4,0,2,0,1,2,0,0,0,0,0,1,0,0,0,0,0,0,1,1,0,0,2,4,2,8,51.0,"I feel we there is still time to make significant changes to alter climate change. While I am not as hopeful about the Unites States at the moment, I am considerably more hopeful about other countries doing the right thing and the US following because it eventually makes good economic sense.",57.0,"I'm worried about a lot of aspects of the US that are not related to climate change (whether social security will be around, the healthcare crises in the US, lack of respect for basic science). But I also have some hope that the status quo is difficult to change due to inertia, and so that we will manage to plod along the same as we have the last several decades.","I don't think it's my knowledge of climate change per se that affects these feelings, it's the knowledge of history and science in general, and exposure to other cultures through my travels. Even if the climate was not changing, I think the future of human society is going to be tough due to over population.",96.0,,"Nope. I've been lucky to have worked on many high-profile committees like the IPCC, but others have been targeted, not me.",,5,2
1,17323,17323,986.0,1,"48.426696777344","-123.36550140381",,1,52.0,1,,"Canada",,"Research Scientist - ocean biogeochemistry and climate",25.0,1,,3,,"""a grave threat to the planet"" sounds like the rhetoric of environmental activists, and I strongly doubt that any of the IPCC assessment reports use such terms. Nonetheless, I agree that anthropogenic climate change poses serious threats to ecosystems and to human civilization.",4,3,3,5,2,5,5,5,4,4,5,3,3,4,4,2,5,5,2,5,2,5,2,3,3,4,2,5,4,3,22.0,26.0,3,4,4,5,3,4,50,25,25,0,50,25,29.166666666666668,4,4,4,3,5,5,3,3,25,25,25,50,0,0,50,25.0,3,3,3,2,4,5,3,3,3,3,3,3,4,3,4,4,3,2,4,2,4,4,4,4,3,4,4,1,1,1,1,1,1,0,1,0,0,1,2,0,2,0,0,0,0,1,0,0,2,3,8,13,76.0,"Hope is not the same as optimism. We have to have hope, even if we don't really believe that positive outcomes are likely.
",93.0,"Some people will always find things to worry about; I'm not  a particularly worrisome person. But I do think the environmental problems facing us are far more serious than most people realize.","I actually find it very empowering. People are interested in the topic but they don't know much. I am able to share information without getting to emotionally invested. e.g. if someone tells me it's a lot of nonsense I have the ability to laugh it off and not take it too seriously.",95.0,,"I find it annoying, but I don't take it that seriously. I'm not very high profile so I am rarely personally targeted by these attacks.
",,5,2
1,17323,17323,882.0,1,"-45.250198364258","169.38589477539",,1,49.0,1,,"New Zealand",,"Atmospheric scientist",29.0,1,,1,,,6,5,5,4,4,5,6,5,6,2,4,4,1,2,2,3,4,3,2,5,1,6,2,1,5,2,3,4,3,4,14.0,22.0,2,3,2,3,2,3,75,50,75,50,75,50,62.5,2,2,3,2,3,3,4,2,75,75,50,75,50,50,75,64.28571428571429,,,,,,,2,3,4,4,2,3,4,3,4,3,2,2,3,3,4,3,4,2,4,4,4,2,1,0,0,2,1,0,1,0,1,2,2,1,1,0,1,0,2,0,0,0,5,1,11,17,35.0,"I am hopeful because quality of life has, generally, increased over the last few millennia and I believe that humans have the capacity to maintain that. That said, the issues facing humanity now are growing in scope and complexity in a way that makes them increasingly difficult to manage.",59.0,"Life is becoming increasingly volatile .e.g no such thing any more as a secure job. This can be both exciting and challenging. I worry that I will be able to secure funding to continue in my role as a climate scientist in the years to come.","I think that my knowledge of climate science makes me much more aware when it comes to behavior around sustainability.",89.0,"I am not sure that I have any. Hope to survive until retirement.","Public yes, political no. It hasn't affected me at all.","Nope.",4,1
1,17324,17324,809.0,1,"40.238800048828","-74.698799133301",,1,63.0,1,,"USA","USA","Climate modeling",40.0,2,,1,,,2,2,3,6,2,6,6,3,3,5,5,5,5,5,4,1,6,5,1,6,1,6,4,4,2,5,2,5,2,5,28.0,32.0,4,5,4,5,4,5,25,0,25,0,25,0,12.5,5,5,4,4,5,5,1,5,0,0,25,25,0,0,0,7.142857142857143,3,4,4,2,3,3,3,4,4,4,4,4,4,4,4,4,4,4,4,4,4,4,4,4,4,4,4,1,0,0,0,0,0,0,0,0,0,0,0,0,0,0,0,0,0,0,0,0,0,0,1,1,97.0,"Humans will survive and adapt. Furthermore I believe in a God that is in control.",15.0,"I worry that many people will have to die before things can be fixed/adapted to.","In some regards, the study of climate and climate change impacts everything I do and am. It has been the main focus of my science life for 40 years.",92.0,"I really enjoy my work, learning how things work.","Yes. Made me afraid at times. Caused me to somewhat shun public things.","A comment on this survey - most physical scientists I know are very happy in their work. They love the study of climate, learning how things work. This survey asks the wrong questions for me and people like me.",5,2
1,17325,17325,1370.0,1,"47.144897460938","8.1551055908203",,1,63.0,1,,"Switzerland","Switzerland","Professor, Climate Physicist",35.0,1,,1,,,2,2,2,6,2,5,6,2,2,5,5,5,5,5,5,1,6,5,2,5,1,6,5,5,2,5,2,5,2,5,30.0,32.0,5,5,4,5,4,4,0,0,25,0,25,25,12.5,5,5,5,5,5,5,2,4,0,0,0,0,0,0,25,3.5714285714285716,5,5,5,4,5,5,3,4,4,3,4,3,4,4,4,4,4,3,4,4,4,4,4,3,4,4,4,1,0,0,1,0,1,0,0,0,0,0,1,0,0,0,0,0,1,0,0,0,0,1,4,5,72.0,"The collective awareness by populations around the globe to climate change is now reality. Issues like environmental protection, energy transition, clean air, access to clean water, etc.are high on most agendas. Even Donald Trump's decision to pull out of the Paris Climate Accord (COP21) has triggered pro-climate stances from US States like California or big cities like New York. Trump's decision (mostly a political gambit) will not prevent the rest of the World and even much of the United States from imple",72.0,"Being pessimistic about the future is synonymous with inaction. Bringing issues like energy transition as a solution to climate change implies the creation of new opportunities, new investments, new markets. New clean technologies will be forthcoming soon, irrespective of whether one believes in climate change or not. This is a win-win situation for local to national economies and for limiting future climatic change...","Having worked in the field for over 30 years, I believe thatt we still need to have strong arguments to counter the ""climate deniers"". This motivates researchers like myself to pursue advanced research to better understand the intricacies of complex systems like climate, where there are still quite a few regions of uncertainty.",69.0,"Disconnecting from work on a daily basis, for exmple by reading exciting novels or watching entertaining movies.","Yes, a few tweets or blogs from climate skeptics. These are irritating in the sense that they are formulated by non-experts, but the arguments can be counteracted throough publications in the scientific literature.",,5,2
1,17325,17325,2887.0,1,"37.503799438477","-121.52529907227",,1,65.0,1,,"United States",,"Atmospheric scientist at the Lawrence Livermore National Laboratory in Livermore, California (just a few months away from retirement). I compare output from climate models with observations. See www-pcmdi.llnl.gov for details.",35.0,1,,3,,"It's occurring, and potentially a grave threat, but time will tell how bad it gets.",2,2,2,5,2,6,6,3,2,4,4,5,5,5,5,2,5,5,1,6,1,6,4,5,3,4,3,4,2,5,28.0,31.0,2,4,4,5,4,4,75,25,25,0,25,25,29.166666666666668,4,5,3,3,5,5,2,4,25,0,50,50,0,0,25,21.428571428571427,,,,,,,2,4,4,4,2,3,4,4,3,4,3,3,4,4,3,3,4,4,4,3,4,2,0,0,0,2,1,0,0,1,0,1,1,0,0,1,1,0,0,0,1,0,3,3,5,11,54.0,"Politically, I'm more conservative than the average environmental scientist, hence more confident of small groups responding flexibly to problems as they arise (and more skeptical of government's ability to identify and solve problems). This point of view combines with my professionally acquired knowledge of the very wide uncertainties in climate predictions. It leaves me feeling that we humans may well ""muddle through"" this problem, as we have with other potential catastrophes.",45.0,"Despite the uncertainty in climate predictions, I'm well aware that fundamental properties of the Earth system make anthropogenic global warming a serious problem at some level. I think of it as analogous to other problems like financing the retirement and health care of my generation (the baby boomers). Such problems may or may not blow up into a sudden crisis, but they will persist, and we'd be very lucky to avoid all their painful consequences. I realize that humans are not at their best when faced with ","Not much, really. I have an enjoyable life outside of my profession with family, friends and church.",71.0,"Overall my work is a positive contributor to my feeling of well-being. I feel I've communicated some important facts to professional colleagues and the general public, so have done my duty. Also, I enjoy the problem-solving process of figuring out how Earth's climate system works. The only negative effect of work on my sense of well-being is the frustration of dealing with silly bureaucratic paperwork--surely a feature of most modern jobs. My coping strategy is to ""suck it up,"" get it done and then move on ","None directed at me, but I've known many a victim. My reaction depends on how vulnerable the victim is. Mike Mann, Carl Sagan, Steve Schneider and Gavin Schmidt were/are natural counter-punchers, so I find their experiences entertaining and even inspiring. Others, like Phil Jones and Ben Santer, were politically innocent when they got entrained into the process and suffered greatly. I am disturbed that this happened to them, and am especially worried that younger people may be put off from studying climate ","Periodically during my life, I've suffered from ""panic attacks"" like stage fright or fear of flying. This problem runs in my famiiy and does not seem connected with my work (other than the work involving speaking engagements and business travel). It has been greatly reduced in recent years with prescriptions of Ativan and Sertraline.",4,1
1,17325,17325,1174.0,1,"48.426696777344","-123.36550140381",,1,71.0,1,,"Canada",,"Retired but still working on the effects of climate change on the marine planktonic ecosystem, primarily through modelling.",45.0,1,,1,,,3,2,2,5,2,5,6,4,3,5,5,3,4,5,5,2,5,5,2,5,1,6,3,4,2,5,2,5,4,3,26.0,29.0,3,5,4,5,4,5,50,0,25,0,25,0,16.666666666666668,3,4,3,4,5,5,2,4,50,25,50,25,0,0,25,25.0,,,,,,,3,4,3,4,4,3,4,4,4,4,4,3,4,4,4,4,4,3,4,4,4,1,0,1,0,0,1,0,0,0,0,0,1,0,0,0,0,0,1,0,0,0,1,0,4,5,50.0,"I am not hopeful that we will find the silver bullet of a global IPCC agreement AND more importantly actually follow through on it. 

I am hopeful that at the local level we will tackle aspects of climate change, partially because most governments will offer incentives",71.0,"We will not take enough action early enough to keep the warming below about 4C during this century. So I have 4 grandchildren who will have to adapt to a different world from the one I  have experienced.","Mostly it is positive because I do know the situation, and I have enjoyed (most of) the social interactions I have had giving talks and seminars on climate change and ocean ecosystems.

However,I believe that we need to put more research effort into adaptation and less into obtaining the grand international agreement on reducing fossil fuel emissions, because I don't think that will happen.",68.0,"Regular exercise and social interactions with family and friends.","Yes. Initially I was shocked, but I learned to deal with them, and became more resolved. However when my employer (the Govt of Canada) made it very difficult for me to give public talks on climate change, it was a factor in my decision to retire",,5,2
1,17325,17325,1146.0,1,"34.752807617188","-86.690101623535",,1,66.0,1,,"United States","United States","Working-stiff climate scientist, building global climate datasets from satellite and in situ measurements from scratch to answer climate questions",35.0,1,,2,,,3,3,3,6,4,5,6,3,2,6,6,5,4,4,4,1,6,3,2,5,1,6,4,5,1,6,1,6,2,5,30.0,28.0,5,5,4,5,4,4,0,0,25,0,25,25,12.5,4,5,4,4,5,5,2,4,25,0,25,25,0,0,25,14.285714285714286,3,4,4,3,5,5,3,4,3,4,4,4,4,4,4,4,4,4,4,3,4,4,4,4,4,4,4,1,0,1,0,0,0,0,0,0,0,0,0,0,1,0,0,0,0,0,0,0,1,0,2,3,91.0,"Questions about feelings are subjective and I would be suspicious of a survey in this regard.  Nevertheless, I'm hopeful because our fundamental research showing there is little to be concerned about in the climate realm is gaining more and more acceptance, especially in the US.  The research I do is very exacting in the sense we produce numerical, verifiable research information on the climate system.  The climate system is not going in a catastrophic direction as much of the media claim - I (and others) h",7.0,"Things that worry me are generally related to the progress of Islamic terrorism and the attempts of left-wing elites to force certain ways of thinking and behaviors on people like me.  I think ultimately the truth about these folks will win out as it has in the past (look at all the centrally-planned governments that have failed).  The average guy is pretty smart and can smell a rat when elites start talking.","I have as much information about the climate as anyone since I produce climate products and publish the findings.  I'm not worried at all about the climate, but I do worry that ""experts"" who have made progress in troubled European countries (Germany, France, etc.) to convince people there is a problem may not be held accountable for their erroneous views on climate and the social consequences.",83.0,"I am to a large degree the scientist I am.  I enjoy my work, so I am pleasantly affected by it.  I'm also a runner which is great for the body and I have a deep and abiding evangelical faith (and family and church) that provide terrific emotional/spiritual support.  Life is a tremendous blessing for me, even after losing my first wife to cancer after 39 years of marriage a few years ago.","I receive daily attacks, but I rest peacefully on the observational data and quickly see the lack of information (and the extreme almost religious bias) that has infected such folks.","I think this is a squishy area of research and I wouldn't trust the results.  Science is numbers, not feelings.  In my scientific work, I stick to the numbers.",4,1
1,17325,17325,1211.0,1,"-23.566696166992","-46.783294677734",,1,64.0,1,,"Brazil","Brazil","Atmospheric Scientist",42.0,1,,1,,,2,2,5,6,2,6,6,3,5,4,5,5,5,5,2,1,6,5,1,6,1,6,4,2,3,4,2,5,2,5,23.0,32.0,4,4,4,5,4,5,25,25,25,0,25,0,16.666666666666668,3,4,5,4,5,5,1,5,50,25,0,25,0,0,0,14.285714285714286,3,4,5,4,5,5,3,4,4,4,4,3,4,3,4,4,3,3,4,4,4,4,4,4,3,4,4,1,0,0,0,0,1,0,1,0,0,1,1,0,0,0,0,0,0,1,0,0,0,1,5,6,92.0,"I see a lot of progress during my 42 yr professional life.  Young generation is very much concerned about environmental issues and they have access to a huge ammount of relevant information.",87.0,"Because we will have to face challenges that we never had before and we still don't have clear answers for critical issues concerning global warming. WE have to work very hard to convince policy makers in view of the scientific uncertainties.","I put a lot of time in dealing with policy makers, doing research on climate variabilty and interacting with different communities.  Being realistic, I am satisfied with the results, so far.",17.0,". Sharing experiences with colleagues .
. Spending a lot of time with the new generation (students).","Did not affect me at all, so far.","If I was given the opportunity to re-start my life from the time when I was 18yr old,  I would follow exactly the same trajectory...",4,1
1,17326,17326,567.0,1,"30.567001342773","-96.283699035645",,1,52.0,1,,"United States",,"Climate scientist; climate feedbacks and climate sensitivity",20.0,1,,1,,,2,2,1,6,1,6,6,5,3,5,5,4,5,5,6,1,6,6,1,6,1,6,2,4,2,5,2,5,3,4,29.0,31.0,2,4,3,4,3,4,75,25,50,25,50,25,41.666666666666664,3,4,4,2,5,4,2,4,50,25,25,75,0,25,25,32.142857142857146,,,,,,,4,4,4,4,4,4,4,4,4,4,4,3,4,4,4,4,4,4,4,4,4,0,0,0,0,0,0,0,0,0,0,0,1,0,0,0,0,0,0,0,0,0,0,0,1,1,52.0,"Right now, things look bleak.  But I also feel that it's darkest before the dawn and, at some point, people have to accept reality.  Once we decide as a world to solve the problem, I think we'll find it's not that hard.",72.0,"I don't think anyone has any idea how bad a few degrees of warming may be — it might be really really bad.","I think my knowledge of the physics of climate gives me insight into how certain we are that climate is occurring and will continue to occur.  So I know bad things are coming — I just hope they're not that bad and that we take action to head off the worst of the effects.",23.0,"When I get sad about the situation, I just focus on research.  Looking at data, writing papers, etc. always cheers me up.","I have had some groups request my email.  This had a temporary effect on me, but nothing long-term.  I now am very careful about how I correspond in email.",,5,2
1,17326,17326,693.0,1,"40.436004638672","-74.485000610352",,1,60.0,1,,"United State","Same as above","Professor - climate dynamics",35.0,1,,1,,,3,3,2,6,2,6,6,4,3,5,6,6,4,4,5,1,6,5,1,6,1,6,3,4,2,5,1,6,1,6,30.0,30.0,3,5,4,5,3,5,50,0,25,0,50,0,20.833333333333332,4,5,4,3,5,5,2,4,25,0,25,50,0,0,25,17.857142857142858,,,,,,,4,4,4,4,4,4,4,4,4,4,4,4,4,4,4,4,4,4,4,4,4,0,0,0,0,0,0,0,0,0,0,0,0,0,0,0,0,0,0,0,0,0,0,0,0,0,65.0,"Young people are more willing to confront global environmental issues such as climate change.  They seem less constrained by ideological barriers.",66.0,"Society does not seem to deal adequately with threats that develop and play out slowly.","My knowledge enables me to understand the threat that climate change represents.",73.0,"I love my work and I especially enjoy working with students.","Not too any important degree.",,5,2
1,17327,17327,938.0,1,"59.333297729492","18.050003051758",,1,70.0,1,,"Australia",,"Both research (Earth System science), mainly with colleagues from Europe, and communication, mainly on climate change, in Australia",27.0,1,,1,,,2,4,5,3,2,4,6,4,3,5,3,3,5,3,2,4,3,5,3,4,1,6,3,4,2,5,4,3,4,3,22.0,24.0,3,4,3,5,2,4,50,25,50,0,75,25,37.5,3,3,3,3,5,5,4,2,50,50,50,50,0,0,75,39.285714285714285,,,,,,,3,4,3,4,3,4,4,4,4,4,3,3,4,3,4,4,4,4,4,4,4,1,0,1,0,1,0,0,0,0,0,1,1,0,1,0,0,0,0,0,0,0,2,0,4,6,49.0,"There are signs that we may be approaching a social tipping point on the climate change issue. Young people really get it, and are increasingly making their voices heard. The extremely rapid uptake of renewable energy has surprised many people, and has swept away the technological and economic barriers to decarbonising the electricity sector over the next couple of decades.

On the other side, the incumbents (i.e., fossil fuel sector) are flexing their muscles politically, and this is damaging and slowing w",50.0,"Again, I sit on the balance here. The risks of letting climate change getting out of control (i.e., intrinsic feedbacks within the Earth System driving it to a much hotter state very quickly) are growing the longer we are indecisive on action, and that scenario is one of a probable collapse of the global economic system, and a precipitous drop in human population. Not a nice scenario.

On the other hand, we can now start to see a very different future - with a decarbonised economy, less consumptive lifestyl","Somewhat - but making periodic trips to Europe, where the situation is much more positive and forward looking than in the English-speaking world, really helps get over the frustration with the inaction at home.",30.0,"I very much enjoy getting out into the bush and reconnecting with nature. That is a great way to keep one's emotional balance and health. Living in Canberra is great - a lot of wonderful bush right in the city and very close by.","I did get some attacks when I ran the ANU Climate Change Institute during the 2008-2012 period, but they have dropped away now. Also, I stay away from social media, which is probably a big help.","No",4,1
1,17330,17330,1196.0,1,"49.64079284668","8.63720703125",,1,68.0,1,,"Germany",,"Atmospheric scientist",42.0,1,,1,,,3,3,2,6,3,6,6,4,3,4,5,6,4,4,5,1,6,4,1,6,1,6,3,4,3,4,2,5,1,6,28.0,29.0,4,5,4,5,4,4,25,0,25,0,25,25,16.666666666666668,5,5,5,5,4,5,1,5,0,0,0,0,25,0,0,3.5714285714285716,,,,,,,3,4,4,4,3,4,4,4,3,4,4,4,4,4,4,4,4,4,4,4,4,1,0,0,0,1,0,0,0,1,0,0,0,0,0,0,0,0,0,0,0,0,1,1,1,3,62.0,"Better knowledge of how the Earth System works will eventually convince society to take measures to moderate climate change. But climate change is only one stressor on the world, there are others, too.",60.0,"Climate change is only one stressor on the world, there are more important ones, too, see e.g. political developments in the US or the UK. Or the growing population with its needs for food, resources and space - this is more worrisome.","Am not affected.",77.0,"I very much like to understand better how the Earth System works and am fascinated by our measurements. Working in this field paid by the taxpayer I consider a great privilege, which gives me big satisfaction.","Rarely. Has not had a deep impact.",,4,1
1,17330,17330,218.0,1,"52.63330078125","1.3000030517578",,1,65.0,1,,"UK","UK","Instrumental Climate Change",40.0,1,,1,,,2,3,3,5,2,5,5,3,2,4,5,5,5,4,4,2,5,5,2,5,2,5,4,5,3,4,2,5,2,5,28.0,28.0,3,3,3,3,3,3,50,50,50,50,50,50,50.0,3,3,3,3,3,3,3,3,50,50,50,50,50,50,50,50.0,3,3,3,3,3,3,2,3,3,3,3,3,3,3,3,3,3,3,3,3,3,3,3,3,3,3,3,2,1,1,1,1,1,1,1,1,1,1,1,1,1,1,1,1,1,1,1,1,7,7,8,22,61.0,,64.0,,,52.0,,,,5,2
1,17330,17330,1269.0,1,"51.449996948242","-2.5832977294922",,1,49.0,2,,"UK",,"researcher and university  lecturer (reader/associate prof),land-climate interactions and climate policy",25.0,1,,1,,,6,5,3,4,2,4,5,5,6,3,6,3,1,2,4,3,4,5,3,4,2,5,2,1,4,3,1,6,4,3,18.0,22.0,2,1,1,5,1,4,75,100,100,0,100,25,66.66666666666667,3,4,4,2,3,5,2,4,50,25,25,75,50,0,25,35.714285714285715,,,,,,,3,3,4,4,2,3,4,3,3,4,3,3,3,3,4,4,4,3,3,4,4,1,1,0,0,2,1,0,1,1,0,1,1,1,1,0,0,0,1,1,0,0,3,3,7,13,46.0,"Most of my feelings about the future are not to do with climate change directly, they are more about personal worries to do with family, state of government and the economy in my country etc.. I try not to think about it in the big sense as I find it overwhelming. When I do think about climate change directly, I feel hopeful that so many have condemned Trump pulling out of the Paris Agreement, and that the debate has moved on a lot from climate science to climate finance and climate justice. I feel hopeful ",68.0,"Most of my feelings about the future are not to do with climate change directly, they are more about personal worries to do with family, state of government and the economy in my country etc.. I try not to think about it in the big sense as I find it overwhelming.
I feel worried in that humans are driven to self preservation in a relatively narrow and short term way, we make decisions about what is best for us here an now, what are the easiest and cheapest options. This is true for me as well as others. Its","I feel more worried about the future.
I feel guilty about my activities - I should spend more on getting my walls insulated, i shouldn't fly etc. I try to do my bit (reduce flying, use public transport, get solar panels on my roof) etc., but I know its not enough.",22.0,"I try not to think about the bigger picture too much, letting my emotions in when I think about the human impacts,  and focus on the science and policy.","I have occasionally got into conversations with sceptics, i find it depressing. But no personal attacks.",,5,2
1,17330,17330,8243.0,1,"50.740097045898","-3.4669952392578",,1,56.0,1,,"UK",,"Climate scientist",27.0,1,,1,,,4,3,3,6,2,5,6,3,5,3,4,4,3,4,4,1,6,5,2,5,1,6,4,2,4,3,3,4,3,4,20.0,30.0,4,4,3,4,2,4,25,25,50,25,75,25,37.5,3,5,4,3,5,4,3,3,50,0,25,50,0,25,50,28.571428571428573,4,4,4,5,4,5,2,4,3,4,3,3,4,4,4,3,4,3,4,3,4,4,4,3,4,4,4,2,0,1,0,1,1,0,0,0,1,0,1,0,1,0,0,0,1,0,0,0,3,0,6,9,77.0,"Because  the issue of climate change is providing visibility and funding for the important issue of improved climate risk management which has the potential to significantly improve the lives and livelihoods of many people in developing countries.",64.0,"Despite positive signs about the seriousness which many people and countries are approaching the issue of climate change I am not sure that relevant action will happen fast enough to save some threatened peoples and ecosystems and avoid climate-related regional conflicts.","It has had a significant impact on my empathy for and understanding of people with different points of view and in different situations.",59.0,"The content of my work and the environment in which I conduct it is very positive and is a good antidote to the frequently stress from urgent deadlines and excessive calls on my time - and the low pay that scientific civil servants attract.","No - just robust questioning which is a healthy response and often a positive experience to have to respond to.",,4,1
1,17331,17331,1020.0,1,"37.511093139648","126.97430419922",,1,60.0,1,,"United States","Republic of Korea","teaching and research",32.0,1,,1,,,2,2,2,5,2,5,5,2,2,5,5,5,5,5,5,2,5,5,2,5,2,5,5,5,2,5,2,5,2,5,30.0,30.0,4,3,4,4,4,3,25,50,25,25,25,50,33.333333333333336,4,4,4,4,4,4,2,4,25,25,25,25,25,25,25,25.0,,,,,,,1,3,3,4,3,3,4,3,3,3,3,2,3,3,3,3,3,3,3,3,3,3,1,1,0,1,1,0,1,1,1,1,2,1,1,1,1,1,1,1,1,1,7,5,10,22,41.0,"society is getting more and more complicated and selfish
there are still quite a few nice people
many people are not exercising their best and taking advantage of other people
many people are not honest or fair",66.0,"society is going corrupted and dishonest
not many people are making conscientious effort but taking advantage of others
climate change does not worry me but the attitude change of the people are worrisome","my knowledge of climate change does not affect me emotionally or socially",6.0,"I enjoy my research and am proud of my work.
I try to be a role model for younger generations of researchers.","No.","no",5,2
1,17335,17335,480.0,1,"-23.573303222656","-46.641693115234",,1,45.0,1,,"uk",,"climate science research",20.0,1,,1,,,4,4,3,5,2,5,5,3,4,2,4,3,3,3,4,2,5,5,2,5,2,5,4,3,5,2,3,4,4,3,19.0,27.0,2,2,2,5,2,4,75,75,75,0,75,25,54.166666666666664,3,3,4,4,4,5,2,4,50,50,25,25,25,0,25,28.571428571428573,4,4,3,3,4,5,3,4,4,4,3,3,4,3,4,4,4,3,4,3,4,4,4,3,4,4,4,1,0,0,0,1,1,0,1,0,0,0,1,0,1,0,0,0,1,0,0,0,1,0,6,7,80.0,"climate change is one of many challenges facing society. we have always faced bad times/events and humanity comes through. Not always in an ideal and optimal way, but it does. And it will continue to do so. Hope is what keeps us going!",31.0,"ditto above","I am more aware of the issues and potential solutions - the former may be worrying, but the latter helps allay this",32.0,"sport, family, faith","thankfully no",,5,2
1,17335,17335,447.0,1,"32.217300415039","-110.7553024292",,1,62.0,2,,"USA",,"Professor of Environment and Development",40.0,1,,1,,,4,4,4,3,4,4,4,5,4,2,2,2,3,3,3,4,3,3,3,4,3,4,2,3,5,2,5,2,5,2,15.0,19.0,3,3,3,4,3,3,50,50,50,25,50,50,45.833333333333336,3,3,4,3,4,4,3,3,50,50,25,50,25,25,50,39.285714285714285,4,4,3,3,4,4,3,4,3,4,2,3,4,3,4,4,2,2,3,4,4,3,4,3,4,4,4,1,0,1,0,2,1,0,1,0,0,2,2,1,0,0,1,0,1,0,0,0,5,0,8,13,30.0,"Hopeless that we will be able to keep climate change under 2C and sad about the likely impacts
Some hope when I see that we are slowly turning the curve towards sustainability",76.0,"Worried about the impacts of climate change on the vulnerable and on wildlife","I am proud to be a climate researcher but feel tired after 40 years of work in the field when we could have taken action and did not",100.0,"Binge watch TV
Talk to friends
","Yes, mostly comments section in news media
I am mostly able to ignore it
General attacks on climate science are depressing",,5,2
1,17340,17340,1019.0,1,"38.921295166016","-77.038597106934",,1,53.0,2,,"USA",,"Economist researching climate and energy policies.",22.0,1,,1,,,5,5,4,4,4,4,4,4,5,4,4,4,2,2,3,3,4,3,3,4,3,4,3,2,3,4,3,4,3,4,19.0,20.0,3,3,2,4,2,3,50,50,75,25,75,50,54.166666666666664,3,3,3,2,4,4,3,3,50,50,50,75,25,25,50,46.42857142857143,,,,,,,3,4,3,4,3,3,4,3,4,3,4,3,3,3,4,3,4,4,4,4,4,1,0,1,0,1,1,0,1,0,1,0,1,1,1,0,1,0,0,0,0,0,5,0,5,10,63.0,"I feel that my work is ""living in the solution."" I know there are deep pressing problems, but I take comfort that I am doing every single thing I can to improve outcomes. This is both frustrating and reassuring.",62.0,"I worry that I will have devoted my life to this work but not see any benefit in my lifetime. 

My economist colleagues who work in other fields think my work is both self evident (price carbon!) and hopeless (never going to happen!).  I think it's essential to identify workable policy options that would be effective and have some political traction, even if they might be low probability for the near future.","I think it's draining to contemplate the destruction of the planet every day. It's tiring to see little progress. It's energizing, though, that the progress is NOT zero. Many of the ideas that I've been promoting for years are finaly getting recognition. This is just a very long time scale problem relative to one person's career.",67.0,"Time with kids and family. Time with friends. Wine. Evening walks. Sleep, when I can. Hot baths. Watching something stupid on TV.","Sure. It's offsensive and unfair. I do take comfort in knowing that these attacks make the attacker look unprofessional and biased and ultimately discredited.  Fortunately, I get much more positive feedback than negative feedback, and I haven't yet gotten attacked as much as I half expected.","I have been battling a chronic sinus infection, so have been dealing doctors' appointments, medical tests, antibiotics (and their nasty side effects), and general fatigue both from the infection and the medication. I don't know if my work contributes to me getting physically sick, but sometimes it seems like it does.  Or maybe being sick contributes to the strain of my work.  

",5,2
